"Title","Sales Rank: Current","Sales Rank: Drops last 90 days","Monthly Sales Trends: Bought in past month","Reviews: Rating Count","Buy Box: Current","Amazon: Current","New Offer Count: Current","ASIN","Parent ASIN","Package: Length (cm)","Package: Width (cm)","Package: Height (cm)","Package: Weight (g)"
"アオビホ(Aoviho)-ノートパソコンスタンド- ホルダー PC 折りたたみ式 人間工学 無段階高さ&角度調整可能 姿勢改善 腰痛＆猫背＆肩こり解消 滑り止め 在宅仕事 つくえ 机 省スペース アルミ製軽量 ZOOM会議 Macbook Air,Macbook Pro,iPad,15.6インチまでのノートパソコンやタブレットに対応 (Mixed Color)","10","33","","5062","¥ 12,374","","1","B0CSYVMW5R","B0CTFFMHPM","27.8","23","5.4","980"
"アクリルマーカーペン 168色 直液式 アクリルペン 水性ペン ペイントマーカー ガラス 木材 石 陶器 セラミック の防水アク リル ペイントペン","46","62","","47","¥ 10,999","","1","B0GRGN2TH1","B0GCMNZYN5","31.6","14.8","10.4","2600"
"サンワダイレクト パソコンデスク 幅120×奥行60cm モニターアーム対応 机 PCデスク 組立簡単 ブラック 100-DESKF004BK3","93","62","300","3280","¥ 10,800","","1","B0BZTTZJ8N","B0B8MG7FH1","129","66","10.1",""
"Brother TZe-161 - Black on Clear - Roll (3.56 cm x 8 m) 1 Cassette(s) Laminated Tape - for P-Touch PT-3600, 530, 550, 9200, 9400, 9500, 9600, 9700, 9800, D800, P900, P950","94","54","","5484","¥ 15,818","","3","B07D5FRVCT","B09QD4529F","12.7","7","4.4","102"
"【整備済み品】 EIZO 61cm(24.1)型カラー液晶モニター FlexScan EV2456 ブラック EV2456-BK (整備済み品)","192","13","","10","¥ 21,000","","1","B0CPP4FT3J","","","","",""
"ビジコム純正 三菱製紙国産 感熱レジロール紙 58mm幅×外径40φ×内径12mm 200巻 芯あり ノーマル保存 モバイルプリンター･ハンディターミナル対応 ST584012-200K","154","59","","1143","¥ 16,600","","1","B07HNRRNMY","B07F6XFVKQ","","","",""
"VOICE(ヴォイス) タイムレコーダー【コスト重視のシンプル機能】VT-1000本体 タイムカード200枚付き","289","78","300","734","¥ 11,040","","1","B0779SGVK1","B0CL41526D","43.8","32.5","23.8","2950"
"光沢なしみかんオレンジ/橙色 約60cm×約20メートル カッティング用シート 屋内・屋外 カッティングシール カッティングステッカー カラーシール カラーシート ステッカーシート 約20m","352","23","","958","¥ 14,300","","1","B08XJJGR1C","B0C1TLWBKK","","","",""
"ErGear 電動 オフィスワークテーブル 昇降式デスク スタンディングデスク 幅140cm 耐荷重80kg 4段階高さメモリー機能 上下自動昇降","331","83","100","6759","¥ 22,999","","1","B0CB9SDPN2","B0BDTV4KZD","145","38","15","24200"
"光沢ありスカイブルー空色 約30cm×約45メートル カッティング用シート 屋内・屋外 カッティングシール カッティングステッカー カラーシール カラーシート ステッカーシート 約45m","502","19","","877","¥ 14,500","","1","B07WTP2NMZ","B0CMX1QPR1","34","17.7","17.7","4500"
"【Amazon.co.jp限定】ヒューレット・パッカード(HP) 電動シュレッダー 家庭用(15L / 1-3人用) 静音65dB 12ヶ月メーカー保証 / 2x15mmマイクロカット5枚同時細断(リモートワーク/在宅勤務/オフィス) 連続細断3分間 大容量ダストボックス（最大300枚収納）/ 小型スリム/キャスター無し/黒","455","68","50","6","¥ 11,550","","1","B0GMP43Q3M","B0FSK9PPMG","35.9","31","18.2","4370"
"Fluxynara 折りたたみ式コルクボード 代替品 フェルト掲示板 120cm x 90cm オートミールフレーム 36個の粘着タブ付き ピンボード ホームオフィス、教室、玄関、キッチンの壁の装飾用 - ネイビーブルー","507","6","","1417","¥ 20,984","","1","B0GQSYYXSL","B0FJ2ZMFKR","90.2","61","3.8","2291"
"デルフォニックス ロルバーンポケット付メモL ターコイズ","502","67","","963","¥ 47,286","","16","B0037W1CVY","B0105UF8K6","18.2","13.4","1.4","160"
"PROMATTOO デスクマット マウス対応｜高級人工皮革 机 カバー｜防水・耐熱・滑り止め｜多色・多サイズ展開｜オフィス・在宅ワーク・書斎・リビング最適｜ギフトにも最適（サドルオレンジ、120cm*45cm）","518","49","","441","¥ 10,472","","3","B0G119WGXK","B0FNQJX7X2","44.8","9.8","7.2","820"
"GTPLAYER ゲーミングデスク パソコンデスク L字 カーボン調 コンセント付き ラック付き モニターアーム対応 棚高さ調節可能 小型モニター台 配線穴 右棚 79奥行き*140幅*74.5高さ DL001 Black 机 pcデスク 勉強机 オフィスデスク 書斎 棚付きl字デスク ゲーム ワーク 書斎","574","5","","1369","¥ 16,000","","1","B0DJ26VQB3","B0FHK9DGLD","100","38","19","24000"
"ふじさん企画 無地ハガキ 日本製 「超厚口」 白色 両面無地 ハガキサイズ 用紙 白色度85% 紙厚0.25mm 6000枚 POST-6000-J180","575","60","","1121","¥ 11,850","","1","B01B03KQZO","B06XJ618NZ","43.8","31.4","22.2","19000"
"スタイル プレミアム シリーズ/Style PREMIUM Series MTG エムティージー 骨盤サポートチェア 座椅子 ミーティングチェア 姿勢サポートチェア (ネイビー（Amazon限定）, シート（PREMIUM）)","594","55","600","595","¥ 26,180","","1","B088TXMXX9","B0H2956FMQ","58.5","48.9","34.3","5740"
"【全180色まとめ買い】 Too コピック チャオ 全色 180本 イラストマーカー マーカー マーカーペン インク補充可","596","64","","1","¥ 56,430","","1","B0D22D7NKY","B0CJPJQTXQ","25","19","16","2000"
"カシオ ラベルライター ネームランドBIZ スタンダードモデル KL-M7 テープ付セット KL-TF7 (3.5mm-24mm幅)","601","77","","4691","¥ 10,680","","2","B0154GAM16","B0C4SWBSM3","26.2","24.3","10.4","1410"
"サンワダイレクト パソコンデスク 幅120×奥行70cm モニターアーム対応 机 PCデスク 組立簡単 ホワイト 100-DESKF058","772","66","50","291","¥ 15,800","","1","B0D82HXX3P","B0G1Y4FFJZ","128","75.5","10","18100"
"Ninestar G&G ラベルシール A4 100枚 2面 500枚セット (100枚×5) 幅210mm 高さ148mm 強粘着 宛名 納品 (× 3)","682","17","","413","¥ 13,050","","","B0GZD3LC4D","B0CMJ4CLW4","32","23.7","13.1","17310"
"bonsaii オートフィードシュレッダー 80枚自動細断 30分連続 マイクロカット 手差し対応 静音 オートリバース C231-D","681","76","500","420","¥ 14,980","","1","B0GFMQ4513","B0GWCRFSBD","48.4","40.6","40.6","8460"
"DAIDAIZAI 裁断機 ペーパーカッター 断裁機 金属ベース裁断機 A4 紙 A5 B7 B6 B5 対応 ズレ防止 裁断 ペーパー カッティングマシン 業務用 家庭用 仕事用 写真 のカット 400枚裁断 (黒, A4仕様-大型400枚裁断)","730","62","50","2","¥ 15,800","","1","B0FV2C9VH2","B0CTDQRQY9","60.7","45","25","16410"
"コニシ 【箱売り】 ボンド ウルトラ多用途SU ブラック 120ｍｌ 30本入 弾性接着剤 多用途接着剤 強力接着 高性能 屋内 屋外 スピード","951","50","","1","¥ 29,970","¥ 32,012","2","B0BGN5RSJ8","B0CJWWBTYD","40.5","27.1","14.3","6630"
"【シリーズ累計3万台突破】 SKK ホワイトボード 1800×900mm 【個人宅配送可】 自立式 両面 脚付き 360°回転 キャスター付き マグネット対応 掲示板 事務所 会社 会議 オフィス 自宅 家庭用 【日本企業】","1022","64","100","212","¥ 16,180","","1","B09LLSBXXG","B0DTT4HW84","","","",""
"【2026新登場】SIHOO B100 PRO オフィスチェア デスクチェア フットレスト付き 薄い灰色","1097","88","50","2934","¥ 26,999","","1","B0FYNL9VG6","B0H2VSSQ3Q","69","68","44.5","19600"
"GTPLAYER ゲーミングデスク パソコンデスク L字 カーボン調 コンセント付き ラック付き モニターアーム対応 棚高さ調節可能引き出し付き 小型モニター台 配線穴付き 右棚 DL004 白 幅140cm 机 pcデスク 勉強机 オフィスデスク 書斎デスク 棚付きl字デスク ゲーム ワーク","1102","73","50","2837","¥ 10,300","","1","B0DC6F6VXN","B0HFN9W79B","92","52","11","17000"
"【互換ラベルLabo】 DK-2205 ブラザー 互換 ラベル 50ロールセット brother QL-700 / QL-800 / QL-820NWB 等に","1119","58","50","27","¥ 17,450","","1","B07SY77LVM","B0BWXFN56X","40.5","40.5","15.3","15200"
"【ナリタカストア 】看板 たて看板 スタンド看板 A型看板 パネルスタンド W550mm×H1010mm 店舗用看板 屋外 ポスターフレームスタンド グリップ式A型看板 防雨 案内 B2 両面 シルバー JC-B2-D","1121","39","","4","¥ 10,980","","1","B0C1353XGJ","B0CTZVDCVN","","","","1000"
"SIHOO B300-PRO 人間工学オフィスチェア 通気メッシュ 在宅ワークゲーミングチェア ペールグレー","1138","25","50","108","¥ 25,999","","2","B0H979TY86","B0H6C7H1YR","53.5","53.5","53","23600"
"紙幣カウンター【日本専用・2026新紙幣対応】紙幣計数機 マネーカウンター 偽札検知機能 お札数える機械 日本紙幣 通貨機能 お金数える機械 お札カウンター 多機能 日本語説明書 簡単操作 (灰黒色のプロ)","932","74","50","76","¥ 16,500","","1","B0GW3MB17G","B0GZGCVV3R","32.7","32.3","30.7","5120"
"アート・エム【国産 標準#30】透明OPP袋 A3 テープ付 【900枚】 310×435+40mm 二つ折り発送","692","10","","728","¥ 11,085","","1","B0H2TYV9XP","B0D4QLF75C","","","",""
"SYALEN オフィスチェア メッシュ デスクチェア 疲れない 椅子 リクライニング ハイバック チェア ランバーサポート キャスター 人間工学 SLCH-15MBK高耐久強化メッシュ(ブラック 無地)","1188","70","500","233","¥ 44,980","","1","B0GFM3RMHQ","B0GW1R16WF","63","60","37","20000"
"【ラミネーター+フィルムセット】アイリスオーヤマ ラミネーター A3/A4対応 LFA34AR ホワイト/シルバー ラミネートフィルム 100μm A3 サイズ 100枚入 LZ-A3100R","1190","66","","3","¥ 10,800","","2","B0F4HTH65Q","B0F6C8V6GZ","56.1","31.1","19.2","7670"
"BBEST 写真用紙 光沢紙 A4 薄手 紙厚0.15㎜ 大容量 1200枚入り 両面印刷 (表:光沢紙 裏:普通紙) 薄口 100枚×12パック インクジェット用紙 業務用 【セット販売】","1034","41","","680","¥ 11,371","","1","B09RQQ67XH","B09RQQGGVW","","","",""
"FEZIBO 電動 昇降デスク スタンディングデスク 幅120cm 高さメモリー機能 静音 上下自動昇降 オフィスワークテーブル テレワーク ブラックフレーム/クルミ天板","1235","90","50","1799","¥ 15,999","","2","B0FNWK4W8P","B0GWMCG5G8","124","34","16","21000"
"オフィスコム デスクワゴン サイドワゴン 3段 幅395×奥行510×高さ600mm ブラック シリンダー錠 オールロック","1249","69","200","581","¥ 11,990","","1","B06XW8V1ZJ","B0B9XH4MFT","63","56.7","46.3","17920"
"軽量 折りたたみ マッサージベッド 木製・有孔 チョコレート 長さ185×幅70×高さ51～83cm","1271","80","200","1478","¥ 13,365","","1","B00TO5OVCU","B07WPSJW78","96.2","74.2","20","15240"
"BONACE グリッターマーカー ブラシチップマーカー メタリックスパークル 水性マーカー カード用 DIYクラフト 落書き ライティング 画材 スクラップブック用 48本","1513","5","","16","¥ 10,558","","3","B0G7XBDGMX","B0HDCQF3PJ","29.5","23.7","2.9","590"
"VAIIGO A型看板 A1 両面 立て看板 ポスターパネルスタンド 折りたたみ式 案内板 スタンドボード メニュースタンド 掲示板 イベント受付 店舗用看板 屋内 屋外対応 (ブラック, A1 両面)","1349","52","","92","¥ 10,169","","1","B0D45G9L5T","B0HDYJ96ST","116","67","9","3000"
"GTPLAYER 電動昇降ゲーミングデスク 昇降範囲44-70cm コンセント付き 障害検知機能 高さメモリー機能 モニターアーム対応 安定自動昇降 充電便利 収納フック付き ゲーミングローデスク 昇降式ローデスク pcデスクロータイプ ゲームテーブル パソコンデスク オフィスワークテーブル 座椅子対応 机 幅120 奥行60 DTS110-White 白","1416","64","","2081","¥ 15,899","","1","B0D7BKYHRJ","B0F62DC8YJ","80","51","7","18000"
"YeTom l字デスク ゲーミングデスク デスク 幅150cm pcデスク コーナーデスク 棚板高さ調節可能 収納袋付き L字型 PC 勉強机 作業 在宅勤務 リモートワーク ゲーム 書斎 収納ラック付き 黑い","1468","86","50","1735","¥ 13,500","","1","B0BZVS4C82","B09TJM6DGQ","97","57","8.5","22000"
"Anker Soundcore AeroFit 2 ブロンズゴールド","1483","78","50","114","¥ 16,990","","2","B0D7ZZVDZM","B0GWMP8561","15.2","10.7","4","210"
"Phomemo M110 ラベルライター セット スマホ対応 ラベルプリンター 感熱 本体+3巻ラベル付き 値札プリンタ 業務用プリンタ ラベルメーカー らべる用サーマルプリンター シールプリンター バーコードぷりんたー モバイルぷりんたー Bluetooth接続 値札/食品表示/梱包発送/ラッピング/DIYラベル/冷蔵庫収納に適用 Android iOS対応 グレー","1556","46","","3721","¥ 13,163","","1","B0CLXZ24F4","B0HDSH6FTQ","10.4","9.5","7.7","331"
"Arrtx 150色 アクリルマーカー ブラシチップ プロアーティスト用 イラスト・DIY・クラフト","1494","35","50","116","¥ 14,999","","2","B0GT557R8L","B0H5C2S56Z","28.2","21.5","16.8","2460"
"HUANUO(ファーノー) 電動 昇降式デスク 幅80cm スタンディングデスク 4メモリ高さ調節 上下自動昇降 小さめ 静音 収納フック付き","1535","76","50","916","¥ 10,999","","1","B0DX6SRFD3","B0F7RW4TC2","83","28","15","13400"
"［ Santek ］ EZ Sign NFC 電子ペーパー ディスプレイ 4色表示 電池不要 IP65防滴防塵 スマホでNFC書き換え iOS Android Windows 対応 (6, ゴールド, 2.13インチ)","2498","20","","209","¥ 13,980","","1","B0H5BV6PD9","B0HCYQXCR9","15","10","1.9","30"
"【2026新登場】SIHOO B100 オフィスチェア デスクチェア メッシュチェア 人間工学 椅子 疲れない ライトグレー","1746","85","100","17584","¥ 18,047","","2","B0FYNHNC8N","B0D86PH9GM","69.5","68.5","44.3","19700"
"封筒 洋0 クラフトホワイト 【1000枚】 バイカラー プライバシークラフト 厚手 透けない A4横三つ折り 対応 招待状 手紙 おしゃれ カマス貼","1779","24","","157","¥ 13,800","","1","B0C6G9B2LF","B0CCRN96PC","","","",""
"AODK デスク ゲーミングデスク 机 pcデスク 幅160cm パソコンデスク ゲームデスク computer desk オフィスデスク 学習机 在宅ワーク おしゃれ 組立簡単 ホワイト","1806","60","","79","¥ 10,980","","1","B0GS5N99B4","B0G481P826","114","60","5","14300"
"TOKAIZ(トカイズ) タイムレコーダー 【締め日設定不要】 本体 打刻機 6欄印字 赤黒2色印字 タイムカード200枚付属 表裏自動判別 印字位置自動切替 オフィス 店舗 勤怠管理 TR-001s (e_200枚付き カードラックセット)","2028","37","","","¥ 11,700","","1","B0H5WTY61Q","B08KY8DKQY","","","",""
"ビジコム純正 輸入紙 国内加工 感熱レジロール紙(60巻) 80mm幅×外径80φ×内径12mm 芯あり 中保存 ST808012Y-60H","1875","68","300","85","¥ 10,680","","1","B007BJ529W","B0DKF21RBX","40.8","33.5","26.5","20740"
"MARCO Renoir 直液式アクリルマーカー 72色セット ソフトペン先 スマートインクコントロール 大容量 高隠蔽力 石絵/木/陶器対応 DIY 手描き 絵画制作 アートギフトボックス付き (72本)","1902","45","","","¥ 13,263","","1","B0GST1SHM9","B0GSVMJ79Z","34.5","17.2","8.7","1880"
"mita MP-B20 対応 汎用 感熱 ロール紙 (200巻) セイコー インスツル用","2265","50","","294","¥ 14,850","","1","B07587DJZG","B07TCLK1NL","47.7","27.7","23.2","13400"
"タンスのゲン 昇降デスク 電動 幅120㎝ メモリ機能 静音昇降 USB付き パソコンデスク オフィスデスク 45400147(110925)","1994","72","50","50","¥ 13,999","","1","B0FLJ5CV72","B0FLJSLLX1","127","36","14","25000"
"Hotdogger A型看板 屋外 スタンド型 両面 [A2] [看板+ベース+容器型重し] 3点セット防水 アルミフレーム製","2043","54","","129","¥ 15,070","","1","B086PJ6YZ7","B0GW1J4BDN","","","",""
"KRT KRT シュレッダー 家庭用 業務用 しゅれったー電動 マイクロカット2x12mm 8枚細断 静音 16L大容量 cd/dvd対応 ホワイト","2056","52","","60","¥ 12,980","","1","B0CRQVPNYL","B0FMFD8CNG","49","46.2","26","8300"
"bonsaii オートフィードシュレッダー 120枚自動細断 60分連続 手差し対応 23L マイクロカット シルバー C233-B","2163","67","400","320","¥ 17,980","","1","B0GVJKN66N","B0HCH49YYD","56","40","31","10440"
"アクションプランナー 手帳 2027 A5 ウィークリー バーチカル 2026年12月始まり 16ヶ月手帳 イタリア本革 (オリーブ, 本革)","3391","15","","18","¥ 17,050","","1","B0H5TPS4CC","B0H4TVL9T2","22","16","1.2","326"
"EastForce 寝れる多機能オフィスチェア ErgoSiesta(エルゴシエスタ) リクライニング145度 720度アームレスト 3Dヘッドレスト 背面高さ調節 座面スライド フットレスト デスクチェア ブラック","2188","79","300","156","¥ 37,999","","1","B0FMKB2P49","B0FP1G9QWJ","75","65.5","45","22000"
"EastForce エイリアンチェア前傾モデル 3万円台でフルスペックオフィスチェア 3Dヘッドレスト 4Dアームレスト ランバーサポート高さ調節 座面スライド ハンガー搭載 デスクチェア ブラック","2223","82","50","63","¥ 33,999","","1","B0F59CN8CJ","B0FCG2PQVS","75.8","66.5","41.6","25240"
"Walspax ホワイトボード 壁掛け 幅1800×高さ1000mm 折り畳み マグネットボード 大型 両面使用可能 無地 アルミフレーム オフィス","2073","49","","5","¥ 13,290","","1","B0DFHCNWNW","B0DFY772D3","110","95","6","13000"
"【日本企業】 U-OFFICE ホワイトボード 両面 【2026年革新版・1800×900mm・無地・脚付き・360°回転式 】白板 移動式 スタンド式 自立 マグネット対応 キャスター付き 個人宅配送可 会社用 会議に最適 自宅 家庭用 事務所 付属品完備","1817","68","100","63","¥ 16,180","","1","B0BPF53F98","B0C74RT4ZC","","","",""
"にじまず破れにくい 特厚 書道半紙 野菊 (1000枚×6箱)","2235","48","","110","¥ 19,800","","1","B0825H5T5L","B0BM7TRF8W","","","",""
"Claiks 昇降デスク 電動 スタンディングデスク 昇降式 テーブル 幅88cm*奥行き50cm テレワーク オフィスデスク 在宅ワーク パソコンデスク 高さ調節 メモリー機能 ブラックフレーム/ブラウン天板","2882","62","","4308","¥ 13,499","","1","B0DSKC841W","B0FKN7XNCR","91.2","27.8","13.6","16060"
"クリックポスト ラベルシール A6(105mm×148mm) 100枚 ×35 タックシール ラベル用紙 裏面スリット入り ■タックシールA6 100枚 ×35■","2551","41","","235","¥ 19,180","","1","B09KB9LVHG","B09FH7VYJB","","","",""
"LAMY（ラミー）safari ブルー 万年筆 青 - 人間工学に基づいたグリップと磨き上げられたスチール製のペン先 サイズ EF - 筆記やカリグラフィーに最適 - LAMY T 10 ブルー インクカートリッジ 付き - 右利き用","2317","63","","2588","¥ 12,107","","5","B002NP29OU","B00XN1VQNS","23","17.8","2.3","60"
"ErGear 電動昇降式デスク ロータイプ 48-72cm高さ調節 コンセント&USBポート付き 幅120cm ローデスク 4段階高さメモリー","2329","80","50","248","¥ 18,999","","1","B0DGQ51DMN","B0DMLT1PQX","124","34","15","18910"
"サンワダイレクト シンプルワークデスク 幅120×奥行45cm モニターアーム対応 組立簡単 パソコンデスク 机 PCデスク ヴィンテージ木目調 100-DESKN012","2410","52","","1123","¥ 10,800","","1","B09CCM7YQT","B0BTRZBN91","126","49","6.5","10300"
"梱包資材 発送 出荷 開梱用カッター付き 事務用品 ショップ メルカリ フリマ用 (レターパックライト430, 20枚, カッター付き)","2449","30","","","¥ 10,850","","1","B0GNP5B3D9","B0FSXBNQDZ","30","30","2","500"
"マックス カッティングシート ビーポップ 300タイプ 標準シート 1巻入り SL-S306NLミドリ","1676","64","","57","¥ 12,474","","26","B0BSKW21XZ","B0D1X1SFQ1","32.2","14.1","13.9","2130"
"デスク下ケーブル管理トレイ ドリル不要 ケーブルタイ付属 環境に優しいキャンバス素材 メッシュデザイン 放熱性 スタンディングデスク用ケーブルオーガナイザー/ストレージ(27インチ、ブラック)","2539","48","","98","¥ 11,136","","1","B0FGTT6KZL","B0FTZCJSGG","39.4","14.7","7","1288"
"ボックスバンク【個人宅不可】 紙管 紙筒 ポスター カレンダー 収納 ダンボール箱 B2用（6cm幅） 500枚セット MA02-0500","2779","14","","75","¥ 32,000","","1","B07YNSH3KB","B0CP1Z5MLH","","","",""
"iikuru ギフトボックス 箱 ラッピング ラッピングボックス ギフト パッケージ アクセサリー プレゼント 包装 贈り物 (ブラック, 9×9×1.8(36個)) (× 4)","2278","15","","466","¥ 14,720","","","B0GZ9LSLYS","B0F3B145KT","29.1","28.1","7.3","4000"
"SIHOO M57 メッシュ オフィスチェア 椅子 人間工学 疲れない デスクチェア グレー","2734","74","","2999","¥ 18,999","","1","B0FLQ3GZ5V","B0CNBT5WP1","71","52.3","31.5","21340"
"[ UNROOF ] ブックカバー 本革 【最大1400ページ対応】 厚み調整 フリーサイズ 日本製 革職人 (モスト, 四六判（ハードカバー）)","5070","13","","107","¥ 10,999","","1","B0DHCY1FRX","B0CKDXMNGG","24.8","18","1.9","240"
"アクリル本舗 ブックエンド アクリル 透明 本立て おしゃれ 卓上 書類 ファイル 仕切り L字型 (50, 10×10×13cm)","2760","42","","90","¥ 10,980","","1","B0GSZ9SRWP","B0FD33CS2R","19","14","11","430"
"SINCHI ラミネーター 名刺～A3サイズ対応｜30秒高速起動・4本ローラー搭載｜75～250μm(薄紙～厚紙)対応｜最速100cm/分（A4約18秒）｜自動/手動リバース機能で詰まり防止｜100μmフィルム10枚＆クリーニングペーパー付｜学校・家庭・オフィスで活躍｜写真や文書の保存に最適","2762","65","200","93","¥ 13,900","","1","B0DD36YT1D","","52.1","17.8","12.7","3175"
"YOOBEBEST 座椅子 骨盤サポートチェア 姿勢改善 座椅子 腰が痛くならない 骨盤 クッション サポートチェア 背もたれ角度調整 カバー取り外し洗濯可能 柔らかな触り心地 腰サポート 姿勢維持多層構造 長時間座り オフィスチェア・ゲーミングチェア・ソファ対応 腰当てクッション（ブラウン）","2768","58","50","21","¥ 13,998","","1","B0GK8JB7LS","B0GK8M5TW1","75.1","46.9","15.2","3790"
"コクヨ 数取器 5連式 CL-205","1814","35","","2","¥ 14,022","","20","B0012OPHS8","B018LNQQQ4","16.8","7.7","7","476"
"ふじさん企画 無地ハガキ 日本製 「最厚口」 白色 両面無地 ハガキサイズ 用紙 白色度85% 紙厚0.18mm 7000枚 POST-7000-J135","3009","34","","608","¥ 10,280","","1","B07FZFZZ8J","B06XJJT8H9","43.7","31.7","22.2","16950"
"パイロット 油性ボールペン替芯 BRFN-30-M アクロインキ 1.0mm ブラック 100本入り","3020","3","","281","¥ 44,000","","1","B0H8XX994J","B0F4DGTDRQ","29.3","16.3","10.6","610"
"【まとめ買い ケース販売】インフォパックＡ4（シール貼付なし）屋外用チラシケース（30個入り：メーカー大箱）31024","2966","47","","2","¥ 40,013","","1","B09TKH3LQG","B09TKKZCKR","","","",""
"VOICE(ヴォイス) タイムレコーダー 【高機能自動集計】 VT-3000 本体 タイムカード 240枚 (80枚×3箱) 付き","3572","46","","4","¥ 18,840","","1","B0CJFX91H9","B0CKZ469PQ","35.2","32.8","32.7","3670"
"EastForce エイリアンチェアプロ 3万円台でフルスペックオフィスチェア 3Dヘッドレスト 4Dアームレスト ランバーサポート高さ調節 座面スライド ハンガー搭載 デスクチェア グレー","2974","69","100","341","¥ 38,999","","1","B0DQY57Z2H","B0DWFHQ8WP","81.4","67.4","44.5","24800"
"2 in 1 調節可能ブックスタンド - 床置きとデスクトップの両用ブックホルダースタンド、高さ調節可能 20～51 インチ、楽譜、レシピ、タブレット、ノートパソコン用の伸縮性ページクリップ - ホワイト","3044","63","","400","¥ 23,639","","3","B0DFCJ4KV9","B0DT9CTPZK","44.6","32.3","12.4","5801"
"LunarLight パソコンデスク 幅108奥行80高さ71.8㎝ 3段調節モニター台（10～33.5㎝）対応 引き出しとコンセント付き L型デスク","3056","62","","233","¥ 13,990","","1","B0F42DF64M","B0DSQ5MXJJ","85","52","11","18500"
"サンワダイレクト プリンター台 キャスター付き 幅60×奥行60×高さ70cm 中棚5段階調整 総耐荷重60kg ホワイト 100-LPS017W","3064","63","","23","¥ 10,980","","1","B0CQZH5K9L","B0CQP1727X","71","66","12.8","16700"
"EastForce 日本ブランド LUMBIRT4.0(ランバート4.0) メッシュ座面 3ゾーンランバーサポート搭載 座面スライド 4Dヘッドレスト 4Dアームレスト 背面5段階調節 リクライニング 人間工学 オフィスチェア デスクチェア 椅子 ブラック","3093","83","100","103","¥ 49,999","","1","B0F4JDSQMD","B0FCG82373","76.5","67","41","26000"
"iungo 互換 PARKER ゲルインク ボールペン 替芯 パーカー ジェットストリーム プライム 替え芯 (黒, プラスチック, 100, 05mm)","3260","17","","856","¥ 11,100","","1","B083TZCR69","B0D2XSH11H","12","8","0.6","210"
"LOOKIT オフィスチェア デスクチェア PCチェア 疲れない 事務椅子 キャスター付き コンパクト 体圧分散 ネイビー 肘なし WTB-1","3123","53","50","70","¥ 11,800","","1","B08HQFR6GW","B08HS5WQLG","60","59","27","10600"
"LAND·VOI スチールキャビネット 3段 鍵付き書庫 可動棚 両開き キャビネット収納 パントリー 幅80×奥行40×高さ91.5cm 組み立て必要 ホワイト","3214","57","50","49","¥ 15,475","","1","B0FJG8SQ94","B0H6HN1RMR","94","47.5","19.5","24500"
"オフィスコム 法人様向け ホワイトボード 脚付き 1200×900mm 両面 マーカーセット付","3236","63","50","36","¥ 11,990","","1","B0CNQWHZ61","B07WFMVMTS","","","",""
"Pretysnow テーブルマット 円形 透明 PVC クリア テーブル保護マット 195*195cm 厚さ1.5mm 傷防止 汚れ防止 撥水 耐熱85℃ 床暖房対応 丸テーブル用","3255","9","","44","¥ 16,950","","1","B0H4RF6N6B","B0GX19WX4W","","","",""
"埼玉福祉会 本の保護 ブックコートフィルムES 100cm×10m巻/100cm判 【日本製/UVカット】(2100-3951)粘着剤付き 透明カバー 図書館用品 絵本 ロールタイプ 保護フィルム ラミネート ブックフィルム ブッカー 撥水 傷・色あせ防止 補強","4713","45","","253","¥ 10,417","","1","B01LW1F0JD","B0CZNQBFW2","","","",""
"FEZIBO 昇降デスク 電動 昇降式デスク 幅160cm オフィスワークテーブル スタンディングデスク 高さメモリー機能 上下自動昇降 静音 収納フック付き 衝突検知 机 作業机 テレワーク【幅160 x 奥行き80 x 高さ72-118cm】","3322","27","","2764","¥ 21,999","","1","B0H4GHNRQG","B0GWHMDR79","88","45","18","28000"
"SUNEE 可愛いペンシルケース、大きな鉛筆ポーチ、ジッパー付きソフトコーデュロイエステティック大きな鉛筆バッグ、可愛い文房具収納とオーガナイザー、ティーンと大人用、男の子と女の子用、コールブラック","4160","49","","2533","¥ 10,144","","3","B0G1MKGLX6","B0FC4GDYZ9","25","12.9","3.8","118"
"GIBBON MOUNTS 昇降デスク 電動 幅88×奥50cm 一枚板 小さめ 高72~118cm メモリー機能 キャスター付き ホワイト","3373","63","50","140","¥ 16,981","","1","B0D56YFMBW","B0DH1FPTLZ","104","58.5","15.5","21000"
"サンワダイレクト L字デスク 幅100cm 奥行120cm モニターアーム対応 ゲーミングデスク ホワイト 102-DKF00348W","3377","38","","191","¥ 13,800","","1","B0FPQ62G2H","B0C3CQQX11","","","",""
"AI翻訳機 POCKETALK(ポケトーク)S Plus(1.85倍大型画面) グローバル通信2年付92言語以上対応 ホワイト PTSPGW","3549","69","100","45","¥ 17,000","","1","B08BP1912B","B0HCBHMT7V","18.1","13.9","3.7","390"
"スタイル スタンダード/Style Standard MTG エムティージー 骨盤サポートチェア 猫背 (イス置き(F01), ブラウン)","3551","70","","805","¥ 10,780","","3","B099ZT6MGG","B0FL7PYN2S","49.1","48.9","23.1","1200"
"ホワイトボード 壁掛け (900x1800mm, ホーロー)（適格請求書発行事業者の登録済み）","4443","38","","52","¥ 13,894","","1","B09QM73W7C","B09QM6TYVZ","","","",""
"【2026進化2.0・A3/A4対応】 Vexify ラミネーター 冷温両用 150μm対応 50秒高速予熱 自動オフ＆過熱防止 詰まり防止レバー付き 超静音30dB A3/A4/A5/A6フィルム20枚＋工具4点セット 書類・写真・カード保存 家庭用・業務用 (ホワイト)","3654","45","200","34","¥ 12,999","","2","B0H3YZX86H","B0H4QDM12N","44.9","18.8","12.7","2280"
"サンワダイレクト シュレッダー 静音 家庭用 小型 マイクロカット 細断枚数3枚 連続使用時間10分 対応 9L ホワイト 400-PSD063W","3704","75","100","241","¥ 13,800","","1","B0CL8ZNDXH","B0GZ5JX5XQ","39.4","37.7","29.5","5850"
"オフィスコム 法人様向け オフィスデスク スチールデスク 幅1200×奥行700×高さ700mm 片袖机 ホワイト","3791","55","50","150","¥ 25,990","","1","B01MZ4607L","B0CMSKH2G8","","","",""
"Yiwbj テーブルマット 円形 透明 エンボス加工 直径 160cm 厚さ3mm PVC製 丸い テーブルクロス クリア デスクマット ビニール テーブルカバー 防水 汚れ防止 撥水加工","5679","19","","277","¥ 12,030","","1","B0F3XTMWQF","B0CS65BH5B","","","",""
"[ケース販売] 弥生 給与明細書封筒 まとめ売り 【1,000枚】 333106・334007対応 freeway対応 弥生給与 窓付き封筒 テープ付 ワックス窓 透けない 事務 会社","3814","54","","47","¥ 11,400","","1","B0FJLBK9TJ","B0CS6GC9V9","54.2","29.4","13.9","3340"
"ロッカー 6人用 鍵付き 1列6段 更衣室 オフィスロッカー スリム かぎ付き 六人用 6枚扉 シリンダー錠 sy206sd (グレー)","3821","14","","180","¥ 15,980","","2","B08L4LTYMT","B0C2BY5LKM","","","","20000"
"ポケトーク S2 AI翻訳機 2年間の通信付き ホワイト PTS2-W","3825","61","100","6","¥ 24,000","","42","B0DJSFLDGV","","14.2","14","3.9","240"
"[ケース販売] 山櫻 賞状用紙 A3 プリンター用 横長 薄クリーム CoC 0.195mm厚 10枚入 10袋 / 00801301-0010","3919","43","","152","¥ 17,930","","1","B07QFV16QK","B0FS1TF2DQ","","","",""
"YIHAYO ローデスク 高さ46-72cm 昇降デスク 幅120cm 奥行き60cm 電動 ゲーミングデスク 昇降式デスク 高さメモリー機能 静音 収納フック付き 組み立て簡単 ローテーブル (ブラウン)","3867","63","50","254","¥ 11,969","","1","B0D5RBJ3ZG","B0HDQ1MFP2","124.5","34.5","14","18120"
"YIHAYO 昇降デスク 高さ70-115cm 幅140cm 奥行き60cm 電動 スタンディングデスク 昇降式デスク 高さメモリー機能 上下自動昇降 静音 収納フック付き 組み立て簡単 パソコンデスク ホワイトフレーム/ホワイト天板","5628","1","","590","¥ 15,499","","1","B0GC56J8QJ","B0C9CBS492","144.5","34.5","14","21200"
"呉竹 カラーペン 筆ペン ZIG クリーンカラー リアルブラッシュ 120色 RB-6000AT/120V","3939","79","","4362","¥ 17,198","¥ 22,200","19","B09WTVQ1WT","B0CBRVPM92","16.7","16.6","16.5","1430"
"[Synorla] 人間工学に基づいたオフィスチェア 椅子 耐荷重150KG 調整可能なフットレストとウエストサポートの高さ 网布材质的高脚 ハイバックの描画用チェア 90度回転可能なアームレスト付き 360度回転 ブラック","3960","65","50","12","¥ 10,998","","1","B0FR4DTYBL","B0H5J23LVZ","57","51","27","14030"
"【日本企業】 匠plate ストレッチフィルム 厚さ 15μ 120本セット 幅 50cm 長さ 300m 型崩れ 荷崩れ防止 梱包 手巻き 高強度タイプ (15μ：120本セット)","3968","34","","6","¥ 102,036","","1","B0H2D3BFZ3","B0GZ3QPBQ1","","","",""
"スタンディングデスク 卓上 SHUWEI 天板幅90CM ガス圧昇降式 高さ15～48CM キーボードトレイ付き 耐荷重20kg オフィスワークテーブル 座り過ぎ解消 在宅勤務 モデルSW-004L ホワイト","3980","47","","2","¥ 12,999","","1","B0F82W482B","B0BHPKKRRC","99","50.8","16.6","10960"
"法人様向け ホワイトボード (壁掛け) アルミ 壁掛けホワイトボード 縦横設置可能 ハニカムコア軽量 磁気対応 ペントレイ付き (90x180cm)（適格請求書発行事業者の登録済み）","3464","2","","48","¥ 11,899","","1","B0HF7CRJDV","B09225SJVY","186.5","95.5","6.5","10000"
"Timekettle W4 Pro AI通訳機 翻訳機 翻訳イヤホン 双方向同時通訳 52言語・106アクセント対応 通話翻訳 オンライン会議 動画翻訳 AI議事録作成 計13組オフライン翻訳 オープンイヤー型 音楽対応 Bluetooth接続 iOS15.0/Android7.0以上対応 専用アプリ必須 海外旅行 出張 ビジネス タイムケトル グレー","4012","67","100","126","¥ 68,980","","1","B0FDGK5C23","B0G1BZVPVH","12.9","12.8","6.7","430"
"【FBA配送ラベル対応】BBEST ラベル用紙 普通紙 A4 6面 1000枚入 スリット ラベルシール FS06-1000","4014","41","","414","¥ 13,000","","1","B09SG4NJ8Z","B0B45K49W4","","","",""
"アースダンボール ダンボール 定形外郵便 規格内 最小 300枚 134×82×24mm 白 小型 段ボール 梱包 ID0691","5767","21","","886","¥ 10,900","","1","B0CJXR17JL","B0BGYZC89W","","","",""
"オフィスチェア 人間工学チェア メッシュチェア リクライニング135° 3Dヘッドレスト 360°アームレスト ランバーサポート 座面スライド フットレスト付き グレー","4028","61","50","41","¥ 26,296","","2","B0H1HRN4SR","B0HDS9RDT5","69","53","32.5","22000"
"コピック (COPIC) Too スペシャル ギフト スケッチ ポシェット バンドルセット ネイビー","4029","49","","959","¥ 19,800","","4","B0FX81YYSC","B0H5NKV88D","29","16.8","11.8","1300"
"透明 デスクマット 80x150cm 厚さ5.0mm PVC製 学習机マット 子供 机マット テーブルクロス 耐熱性 防水 滑り止め 帯電防止 デスクパッド カスタマイズ可能","2281","14","","207","¥ 10,199","","1","B0DPJ1YWT2","B0DPJ183Y5","","","",""
"Walspax 大型 ホワイトボード 壁掛け 118x88cm 月予定表 カレンダー 両面 マグネットボード スケジュール管理 オフィス マーカー付き","5865","56","","148","¥ 10,990","","1","B0G5MY55KB","B0DFY7KGC2","124.5","94","4","6210"
"【公式】Lomurae オフィスチェア メッシュ ハイバック フットレスト付き 135°リクライニング デスクチェア 調節可能ランバーサポート ヘッドレスト 静音キャスター 耐荷重150kg 在宅ワーク ブラック","4196","76","100","80","¥ 10,429","","3","B0GK75YGB3","B0HDTZH4GZ","60.5","60.5","33","13800"
"Phomemo T02 ステッカープリンター - ミニプリンターステッカーメーカー プリントポッド インクレスマシン Bluetoothサーマルポケットメーカー 学習メモ 写真 DIY印刷 3ロール紙付き ホワイト","5325","16","","428","¥ 12,059","","1","B0C9H9MM43","B0H49M5Q6N","11.8","9.4","8.4","322"
"【左右組み替え可能&USBタップ付き】VARNIC ゲーミングデスク パソコンデスク L字型 pcデスク オフィスデスク 勉強机 モニター台付き","4272","29","","143","¥ 13,980","","1","B0H2HRJ98Z","B0H2HVT3QB","90","54","14","24000"
"Acrolix ゲーミングデスク ホワイトカーボン調 コンセント付き パソコンデスク L字 棚高さ調節可能 右棚 80奥行き*140幅*72高さ ブラック 机 pcデスク 勉強机 ゲームデスク 棚付きl字デスク オフィス 書斎 ワーク","4294","47","","31","¥ 11,221","","1","B0FJMQ5KZ8","B0DYJ24HYR","107.5","58.5","12.5","20000"
"Jiayi キャビネットマグネット 12個パック マグネット式ドアキャッチ 高耐久 15ポンド RVキャビネットラッチとキャッチ ステンレススチール 食器棚 ドアマグネット キッチン クローゼット ドア開閉 引き出し マグネットキャッチクローザー","4594","8","","3162","¥ 10,255","","1","B07PVMXL3D","B081QLZ9WN","18.9","13.5","2.9","440"
"JINKEI ハンディストレッチフィルム 【交換フィルム100本セット】 幅100mm×長さ150m 厚み15μ LLDPE 手巻き用 梱包材 荷崩れ防止 ハンディラップ 透明 引越し 物流 保管用 梱包用ラップ 段ボールまとめ","4790","44","","","¥ 20,900","","1","B0GZ7HPLPP","B0H3VRCW2Y","","","",""
"ラミネートフィルム A3サイズ 100μ 1000枚入(500枚×2) アイリスオーヤマ","4376","51","","106","¥ 21,800","","3","B074K2DHH9","B085HGS1WT","","","",""
"Alebert(アレベルト) 昇降デスク 電動 昇降式デスク 幅140*奥行60*高73-118cm スタンディングデスク 上下昇降デスク 高さメモリー機能 静音 収納フック付き パソコンデスク ゲーミングデスク オフィスデスク 入替用キャスター付属 モニターアーム対応可能 (幅140cm,ブラウン)","6111","1","","315","¥ 17,985","","1","B0H9XNKRQF","B0D6RP314D","145","35","15","19000"
"【互換ラベルLabo】 DK-1220 ブラザー 互換 ラベル 50ロールセット brother QL-700 / QL-800 / QL-820NWB 等に","4409","64","","10","¥ 16,700","","1","B07SYPSBG2","B06XQY995R","43","42.7","11.9","10240"
"Jinchuan デスクマット 新型混シリコン製 滑り止め オーダーメイド対応 高耐熱 撥水 抗菌 テーブルマット デスク保護 マウスパッド兼用 汚れ防止 耐熱マット キッチンマット 勉強用マット","8238","15","","43","¥ 10,100","","1","B0FMJ3RB56","B0H4QT3Y1P","","","",""
"フジパック OPPロールフィルム 透明シート 厚さ40ミクロン 900mm幅 (900mm×500m)","2853","13","","467","¥ 15,800","","1","B09S31HG9N","B0188XJ07Y","","","",""
"アプリケーションシート (400mm×50m ステカ SV-15 クラフトロボプロサイズ)","5927","9","","807","¥ 13,180","","1","B007LYZURQ","B07BLNV81D","","","",""
"Alawooder 折りたたみデスク 軽量 机 耐荷重60kg パソコンデスク コンパクト 薄型 机 オフィスワーク 在宅勤務 ゲーミング PCデスク ミシン 引越し リビング ワークスベース イベント 40インチ 組立不要 幅約100cm ブラック FD-40-BK","4577","40","","115","¥ 12,680","","1","B0DPLQK316","B0FMRS6FR4","103.5","79","7","11300"
"暮らしになじむ キーボックス 屋外用 4桁ダイヤル式 防水 鍵収納ケース 家族共有 民泊 不動産管理 コンパクト設計 (ブラック×50個)","4453","7","","48","¥ 29,999","","1","B0H9RZRJS8","B0FD7KFYRQ","","","",""
"オフィスコム 法人様向け スリムスチールロッカー 4人用 1列4段 シリンダー錠 鍵付き 幅380×奥行450×高さ1800mm ホワイト","4461","54","","25","¥ 15,780","","1","B0DZMRQJDP","B0DZMHSXPZ","188","54.5","13.5","29650"
"LAND・VOI デスクワゴン スチール製 キャスター付き ラウンドエッジデザイン・サイドプル式引出し3段 鍵付き オフィス収納 サイドワゴン 机下 静音スライダー スリム 幅30×奥行46×高さ59cm 家庭＆オフィス ホワイト","4468","41","","11","¥ 10,320","","1","B0G524YGV4","B0H1QT8C3X","62.9","54.8","38.1","20120"
"オフィスコム 法人様向け オフィスデスク スチールデスク 幅1400×奥行700×高さ720mm 平机 ブラック/ナチュラル","4482","47","","113","¥ 22,990","","1","B08SQLZF2D","B0D477752F","","","",""
"【あぐらをかける広々座面】NEOCHAIR デスクチェア ソファチェア オフィスチェア 【ホームオフィスxキャスター付きx省スペースx快適な在宅ワーク】COZY ビスクベージュ","4496","63","50","126","¥ 12,450","","1","B0DG8RPS33","B0DG8QLX8N","65","52","28","12200"
"AODK ゲーミングデスク コンセント付き パソコンデスク 袋付き l字デスク デスク 机 幅110cm ラック付き pcデスク ワーク 収納 オフィス 仕事用 在宅勤務 組立簡単 グレー","4496","59","","51","¥ 11,880","","1","B0FHHCPD8J","B0FHHGLFFS","94","59","10","17500"
"BIBOC 会議用テーブル ミーティングテーブル 150cm×75cm×72cm 頑丈 組立簡単 シンプル パソコンデスク PC机 勉強机ゲーミングデスク オフィス/会議室/自宅学習/食事/ワークスペース用 MTB-7515WN","4497","58","","211","¥ 18,899","","1","B09D37DYYV","B09D9HLT5W","","","",""
"オフィスコム 法人様向け 予定表 ホワイトボード 幅1800×高さ900mm 壁掛け 月予定表 横書き","6772","42","","237","¥ 14,990","","1","B0DHZHBG3P","B077GP68VR","194","98.3","4.2","11300"
"TI 84 PLUS CE Graphing MINT","4556","21","","11758","¥ 25,888","","143","B01NAZGQEA","B0DBQ6XVXF","26.9","19.1","3.3","299"
"ottostyle.jp ベルトパーテーション 4個セット 【シルバーポールxレッドベルト】 重ねて収納できる ガイドポール 4方向連結可能 スタッキング 最長2m","4672","50","","100","¥ 17,200","","1","B01GCCKPKE","B01N2M0UZE","77","39.5","14","28700"
"FEZIBO 電動 昇降デスク 一枚板 幅120cm オフィスワークテーブル スタンディングデスク ゲーミングデスク 高さメモリー機能 上下昇降 静音 収納フック付き 衝突検知 机 作業机 テレワーク ブラックフレーム/ブラウン天板【幅120 x 奥行き60 x 高さ72-118cm】","4717","64","","1791","¥ 21,999","","1","B0F7QPD5S7","B0FB96892W","128.8","67.8","15.5","20820"
"Maihail パソコンデスク pcデスク 机 白 カウンター テーブル スタンディングデスク 勉強机 家具 パソコンラック table 学習机 収納 幅140*奥行60cm 白い SZ123BS スチールウッド簡易棚付きデスク ホワイト","6994","50","","208","¥ 10,500","","1","B0BYJHFQ63","B0DX24R965","109","66","9","18000"
"FUJIFILM インクジェットペーパープリンター用紙 画彩 写真仕上げPro 超光沢紙 厚手 印画紙ベース A4サイズ 60枚入 インクジエツト WPA460PRO","4742","58","","354","¥ 11,780","","1","B0065R6PG0","B00NXJ3VCY","32.4","23.3","2.5","1415"
"厚みが選べる耐水紙 国内製造品 耐水性 撥水性 耐油性あり 紙厚約0.07〜0.4mm（最薄口〜超厚口）レーザープリンタ対応 色鮮やかな印刷を実現 チラシ POP 商品タグ パッケージに最適 バリエーション対応 田村商店裁断品（A4 中厚口 1000枚）","4791","39","","5","¥ 16,595","","1","B0FG1ZJ2R9","B0FG1ZS7ZX","30.5","22","0.3",""
"【家電批評ベストバイ受賞】エアダスター 電動ブロワー 洗車【史上爆風No.1】【2026年充電改良】300000RPM超強力高速回転 10段階風量調整 20000mAHバッテリー ノズル9種類付 40MMブラシレスモーター BOLYDOOM 強力風速 電動エアダスター USB充電式 LEDライト 超軽量 小型 携帯便利 PC掃除/空気入れ/キーボード/車内/エアコン/洗車用 (ブラック)","4795","81","50","116","¥ 10,980","","2","B0GKFPGC1R","B0HDSP7WVN","22.2","19.4","6.2","680"
"イーサプライ プリンター台 4段 A3プリンタ 高さ100cm 幅60cm 奥行51cm キャスター付き ホワイト EEX-PTS01","5157","48","","186","¥ 13,800","","1","B06XFRGPW5","B085VT38F1","123.5","57","11","19400"
"スタイル スマート シリーズ","4867","77","","9","¥ 62,000","","1","B0CJHZW9WC","B0GRV5C88H","54.5","53","39","9500"
"GTPLAYER ゲーミングデスク ローデスク ロータイプ コンセント付き スタンディングデスク 手動式昇降式 パソコンデスク 静音 安定昇降 スムーズに回り キャスター デスクマット フック ケーブルマネージャー 高さ51-102cm×幅110CM×奥行×55CM 調節可能 カーボン調 GT114-CFWHite","4871","39","","619","¥ 14,800","","1","B0D4YMTF82","B0D8XGD1DD","77","37.6","18.5","7980"
"NIIMBOT B2pro ラベルライター ラベルメーカー本体+3巻ラベル付き 300dpi印刷 感熱ラベルプリンター Bluetooth接続","4395","31","","49","¥ 12,080","","1","B0GX8B7PQ8","B0GZ23GQLW","21.5","13.5","8.5","830"
"【個人宅不可】ボックスバンク ダンボール A4 240枚セット 宅配 80サイズ 配送 梱包 箱 CB02-080-A4-0240","4289","13","","20","¥ 28,800","","1","B0H5B3PJ9Z","B0H7VL1NF3","","","",""
"イーサプライ ローデスク 高さ調整 4段階 38〜50cm 幅90cm 奥行50cm 昇降式 ゲーミング パソコン EEX-DKL02DBR","4949","52","50","273","¥ 10,800","","1","B09RDX6YR5","B0BTCZXXFF","97","54","8","11000"
"アート・エム【国産 標準#30】透明OPP袋 A3 テープなし 【900枚】 310×440mm 二つ折り発送","6479","4","","263","¥ 10,295","","1","B0H1VVR2J3","B0D4TCD35T","","","",""
"LOWYA ロウヤ L字デスク パソコンデスク 机 幅100cm 学習机 ウォルナット","4980","44","","450","¥ 14,990","","1","B0D46Z3FXG","B0D47GSRH6","109.5","76","13.5","32810"
"【まとめ買い ケース販売】インフォポスト「スリム」屋外用チラシケース ジュニアサイズ（12個入り：メーカー大箱）31080-12","4824","39","","211","¥ 26,539","","1","B0BDYNQXRD","B0BDYT9JGN","","","",""
"【2026年アップグレード版】超音波カッター，40kHz超音波高周波振動式ハンドヘルド超音波カッター，30Wの超強力モーターを搭載，業務効率の向上，出力可変，替刃 50枚，コンパクト 収納ケース，付属の電源アダプターの超音波カッターは3Dプリント、木工、プロトタイピング、モデル改造(日本語說明書付き）","5052","23","100","4","¥ 12,999","","2","B0H3BNXSGQ","","22.2","12.2","6.1","450"
"唐土工房 デスクマット 透明 PVC製 150x180cm PVC製 学習机マット テーブルマット クリア 子供 机マット 防塵 防水 防油 耐久 抗菌 防カビ 耐熱 学習机 滑り止め デスクパッド テーブルカバー テーブルクロス オフィス デスク 厚さ3mm","5525","33","","38","¥ 12,877","","1","B0FKH8YY6C","B0FJRYQZP3","","","",""
"AODK ゲーミングデスク 引き出し4杯付き パソコンデスク コンセント付き l字デスク デスク 机 幅155*110 pcデスク 棚付き desk 収納 オフィスデスク 仕事用 在宅勤務 組立簡単 ブラック","5161","67","50","111","¥ 15,300","","1","B0F1TDD7NL","B0DP62ZGP6","134","59","8","21000"
"オフィスコム オフィスチェア 布張り 肘付き ロッキング 事務椅子 デスクチェア 幅590×奥行590×高さ770～850mm ネイビー WORKS-CHAIR-A-NV","5224","41","","","¥ 11,980","","1","B0GGWJDYPL","B0G8VS689D","","","",""
"【モニター台2個付き・棚板高さ調節可能】LunarLight PCパソコンデスク 幅130奥行80高さ72㎝ コンセントとフック付き テレワーク","5226","37","","57","¥ 11,990","","1","B0GY893DB5","B0G24VKSL7","105","52.5","12.3","23000"
"[山善] デスク パソコンデスク 幅120×奥行60×高さ70cm 【耐荷重80kg】 傷や汚れに強い天板 頑丈設計 天板厚3cm 脚部パイプ直径5cm 組立品 ココアブラウン(木目柄) AMDT-1260(CCB)セット","5273","51","","91","¥ 11,999","","1","B0BSQJTCH5","B0BJ1S175P","","","",""
"ガラポン抽選器300球用 福引きポン 専用抽選球300個付き 玉が詰まりにくいABS製","5376","61","100","89","¥ 10,475","","3","B00O9T4C8O","B0F8QK3MXJ","34.6","32.1","17.7","2290"
"AODK パソコンデスク 引き出し6杯付き ゲーミングデスク コンセント付き l字デスク デスク 机 幅140 pcデスク 棚付き desk 収納 ワーク オフィスデスク 在宅勤務 仕事用 組立簡単 ホワイト","5389","58","","90","¥ 13,999","","1","B0DN19RG31","B0DN16LK2Z","115","57.5","10","19760"
"ロメオ 伊東屋 ROMEO Ｎｏ．３ボールペン 細軸イタリアン グレー R234","5389","61","","419","¥ 16,500","","3","B006ZTBMXY","B0C8RK1454","18.7","9","3.9","200"
"駐車場 番号プレート 番号札 番号表示看板｜国産アルミ複合板 3mm厚｜反射シート切り文字｜取付穴4ヶ所｜高視認性 防水 屋外対応 パネル看板 (1-95, 16.5×27cm)","7162","8","","12","¥ 68,400","","1","B0GPM9BQWT","B0GDYFNYJL","","","","100"
"ビジコム純正 輸入紙 国内加工 感熱レジロール紙 58mm幅×外径80φ×内径12mm 80巻 芯あり 中保存 ST588012Y-80H","5418","49","50","93","¥ 10,390","","1","B007BJAXGE","B0DKF2LLF3","33","32","32","20000"
"ホルベイン アーチスト色鉛筆 OP940 100色 紙函セット 20940","5438","62","","1273","¥ 28,000","","2","B001GQ37ZC","B08CKZWN4D","45.2","20.8","3.7","1400"
"約60cm×約20M 透過チェリーピンク(濃桃色) 透過シート 半透明シール 電飾シート 単色カッティング用シート カッティングシール カッティングステッカー 電飾看板 デコレーション粘着シート","6306","9","","101","¥ 12,800","","1","B09Q1YW59L","B09Q1ZCP5X","","","",""
"【ダンボールラボ】[50枚]文書保存箱 セット 段ボール ダンボール 簡単組立 430×330×290mm 引越し オフィス用","6030","44","","60","¥ 17,050","","1","B0B34MZ9G9","B0B33VPCKP","","","",""
"SYALEN 折りたたみデスク テレワークデスク 幅80 奥行53 高さ75cm 省スペース 多機能テーブル 机 コンパクデスク メラミン加工 木製 モニターアーム取付対応 ナチュラルウォルナット/白 SLDK-01NA80A","5467","67","50","1138","¥ 10,980","","1","B09L3ZVL34","B0BNYKFTMR","88.6","42.8","16.3","13040"
"OLIGHT(オーライト) O'Pen 3 EDC ペンライト 多機能ペン 充電式 120ルーメン (ブラック)","5470","59","100","18","¥ 11,695","","1","B0H1M22N35","B0H2LHLK2K","17.9","5.3","3.2","120"
"ニッポンシザイ.COM 宅配袋 [1000枚] (大サイズL3) 40㎝×50㎝ (特大) [サイズ,枚数各種] 透けない 防水 強力テープ【パッくるストロング】","7426","27","","359","¥ 22,966","","1","B098M2NH7N","B08N1DHDRK","","","",""
"KRT KRT シュレッダー 電動 家庭用 業務用 10枚同時細断 マイクロカット2x12mm 18L大容量 静音 コンパクト p-5 ブラック","9609","57","","33","¥ 16,580","","1","B0CRQWGP81","B0CSFQW4L2","56.1","41.5","31.3","8980"
"SIHOO B100-SE オフィスチェア デスクチェア 2Dフリップ連動アームレスト ブラック","5661","41","200","64","¥ 23,999","","1","B0H11GZQS1","B0FH71NH72","60","59.5","39","19280"
"光沢ありブロンズゴールド/銅金色 約20cm×約45メートル カッティング用シート カッティングシール カッティングステッカー カラーシール カラーシート ステッカーシート 約45m","9034","10","","121","¥ 10,500","","1","B0D1C291ZM","B0CMX531H4","24.7","17.2","16.7","2900"
"ボックスバンク 【個人宅不可】ダンボール（段ボール箱）ゴルフクラブ・ポスター用（13×13×122cm）30枚セット FG02-0030","8297","14","","177","¥ 14,900","","1","B002OXQKXC","B0FQN99PK5","","","",""
"アースダンボール クリックポスト 箱 A6 白 段ボール 700枚 ゆうパケットポスト ID0289","5753","41","","146","¥ 22,200","","1","B076RMPSDX","B0BTGYKNDK","","","",""
"【3Dで支える2重メッシュ】NEOCHAIR オフィスチェア デスクチェア メッシュ 通気性 ヘッドレスト付き 体圧分散 低反発座面 キャスター 跳ね上げ式 テレワーク 在宅ワーク DBS-H","5763","49","","186","¥ 11,580","","1","B0C9CGHP44","B0C9DM4BSH","65.5","51.2","32.7","11890"
"AODK ゲーミングデスク パソコンデスク LED付き 幅120cm 机 pcデスク gaming desk 引き出し&棚付き ゲーミングテーブル ゲームデスク フック付き 左右入れ替え対応 カーボン調ホワイト","9370","36","","26","¥ 11,980","","1","B0GQDRHP5Z","B0FYNX9RWK","99","56","3","14300"
"Alebert(アレベルト) 電動式 昇降デスク 昇降式デスク 幅160*奥行80cm スタンディングデスク 入り替え用キャスター付き 収納ボックス付き USB充電可能 高さメモリー機能 障害検知 静音 ゲーミングデスク パソコンデスク 昇降式テーブル オフィスワークテーブル 作業机 (ブラック, 天板幅160*80cm)","5799","83","50","212","¥ 26,550","","1","B0DL57PFR8","B0DBH7T6W3","85","45","21","33600"
"Maihail パソコンデスク ラック付き 学習机 pcデスク 幅150cm 引き出し付き テレワーク デスク オフィスデスク 左右入替可 ブラック","5801","59","","400","¥ 12,835","","1","B0BRKHYDXQ","B0FBG4VMQW","86","57","9","21520"
"AUTOOSE Z2 翻訳機 音声翻訳機【SIM不要/追加料金不要/オフライン翻訳対応】画面 携帯翻訳機 144言語対応 0.2秒翻訳 写真翻訳 オフライン対応 タッチスクリーン 写真翻訳","5833","51","100","114","¥ 11,381","","3","B0DHV75M4X","","14.4","8.8","4.2","190"
"FlexiSpot 電動昇降デスク EF1 Pro 在宅ワーク/オフィス用 高さ調節範囲690-1100mm USB＆コンセント付き 4段階メモリ機能 耐荷重60kg 5年保証 フック付き） (足（黒）+天板（黒）+コンセント付き, 120*60)","5883","70","50","19","¥ 32,800","","2","B0F7QG1B9J","B08SQ8KXPC","129","70","17.5","25420"
"オフィスコム 法人様向け 会議テーブル スタッキング 幅1800×奥行450mm ナチュラル×ブラック","5929","37","","41","¥ 20,990","","1","B096Z1Q7CD","B096Z48X1W","185","50","15","27000"
"Eyoyo バーコードリーダー EY-034 (1D)","5938","45","","368","¥ 14,500","","1","B07JGXD9F9","B0GWCX77YN","13.7","11","5.4","159"
"Acrolix 電動昇降デスク 昇降式テーブ スタンディングデスク 幅 100cm 耐荷重 80kg デスク下隠し収納 高さメモリー機能 静音 上下自動昇降 収納フック付き オフィス/テレワーク用 高さ調整可能【100×60×72-118cm】白天板","6069","22","","255","¥ 11,404","","1","B0FQ2CGRYP","B0FH9VVK1R","107","38","14.5","18100"
"TRUSCO(トラスコ) ネオジム磁石 角形 30mm×30mm×10mm 1個入 TN30-30K-1P","6087","37","","63","¥ 11,300","","6","B01N6WGXGC","B09PBTPQSR","17","6.1","3.5","90"
"オフィスコム 法人様向け シューズラック 靴箱 2列6段 12人用 幅600×奥行350×高さ1190mm ダークブラウン","6135","40","","5","¥ 10,990","","1","B09KZL4C4L","B09KZBBWQ4","124.9","44","16.4","25400"
"VAIIGO 3個セット 立て看板 A3サイズ 重厚ベース 案内板 スタンドボード メニュースタンド 横縦対応 屋内外対応 会社案内 お知らせ掲示板 店舗用看板 お店の看板 エントランス・入口 多種多様に対応 (ブラック, A3)","5783","16","","81","¥ 14,777","","1","B0G43KKTPK","B093G7WP27","53.8","39.4","37","15570"
"CICINELL パイプ椅子 折りたたみチェア ミーティングチェア 会議椅子 軽量 背もたれ 省スペース 組立不要 ブラック (ブラック（6入り）セット)","6202","55","100","122","¥ 13,800","","1","B0DBZRXD5T","B0CMH7987G","","","",""
"オフィスチェア デスクチェア 椅子 キャスター付き 疲れない 跳ね上げ PUレザー 在宅ワーク 事務椅子 勉強 パソコン 仕事 おしゃれ ブラック","6231","71","","138","¥ 12,434","","1","B0DZC71QB4","B0GTQBV87X","60","52.4","32","14580"
"【法人限定】 ホワイトボード 壁掛け 1800x900mm マグネット対応 大型 無地 縦横設置可 会議室用 NCPR-9018","6275","34","","70","¥ 11,398","","1","B08BXP4TZF","B0DSLK8FWD","","","",""
"WXJHLオフィスチェア 椅子 テレワーク 疲れない デスクチェア パソコンチェア ワークチェア 事務椅子360度回転 勉強 おしゃれ 通気性メッシュ 跳ね上げ式アームレスト 在宅勤務","6282","65","","125","¥ 26,098","","1","B0F4CB72BF","B0G3P9HS39","56","52","28","9525"
"手提げ袋 B4用 HDカラーポリ袋 30-45 ホワイト 乳白色 300x450mm 1000枚入","7678","6","","1","¥ 19,900","","1","B0GQGFB5GG","B079FQFZQD","","","",""
"HP ラミネーター 本体 (名刺サイズ / A4 / A3 対応) ウォームアップ約1秒 4本ローラー 簡単操作 (軽量/コンパクト) 100-150ミクロンフィルム対応 (業務用/家庭用) パウチラミネーター","6317","43","50","56","¥ 13,091","","2","B0BF45N6T8","","54.3","19.7","12.7","2740"
"[山善] デスク 幅140×奥行60×高さ70cm 傷や汚れに強いメラミン樹脂天板 組立品 ナチュラル/Sホワイト MFD-1460(GNA/SWH)","6369","35","","95","¥ 11,499","","1","B0BW8SY21G","B0BZ84ML75","","","",""
"12本セット JINKEI ストレッチフィルム 12μ 厚さ薄手 50cm幅×【350m】巻 梱包ラップ 荷崩れ防止 コスト削減 高強度タイプ","7954","53","","13","¥ 11,883","","1","B0GY6H6DMV","B0GY6M4SRR","","","",""
"bonsaii オートフィードシュレッダー 200枚自動細断 60分連続 31L マイクロカット カード対応 12枚オイルシート付 C283-A","6418","64","100","474","¥ 35,980","","1","B0GVJFJL6J","B0HCKWVRY3","65","45","40","17500"
"オフィスチェア メッシュ 日本ブランド 3ゾーンランバーサポート 720°アームレスト 無段階リクライニング フットレスト 3Dヘッドレスト 一年保証 MORADIA (ホワイト)","6429","40","50","41","¥ 19,800","","1","B0H61TB1FK","B0H6237HWD","","","",""
"オフィスコム デスクワゴン サイドワゴン 3段 スチール 幅395×奥行550×高さ616mm ブラック 鍵付き キャスター付き OC-SW-3-BK","6442","57","","72","¥ 14,990","","1","B08SQDTDVR","B08SQBH4R6","67","58","42.5","23300"
"ボックスバンク 【個人宅不可】紙管 紙筒 ポスター カレンダー 収納 ダンボール箱 B1用 500枚セット MA07-0500","6447","35","","16","¥ 41,630","","1","B07YS88L85","B0CSRCMXC1","","","",""
"DEVAISE スリムワゴン デスクワゴン 幅300*奥行435*高さ600mm 3段オールロック A4対応 サビ止め塗装 ブラック","6492","48","50","463","¥ 11,980","","1","B07PHRKNQ8","B09F5X3P8R","65","50","37","15200"
"AODK ゲーミングデスク 引き出し4杯付き パソコンデスク コンセント付き l字デスク デスク 机 幅155*110 pcデスク 棚付き desk 収納 オフィスデスク 仕事用 在宅勤務 組立簡単 グレー","6503","70","50","77","¥ 19,530","","1","B0F1TGSBXC","B0DP62TPBP","133","58","12","27100"
"マッサージベッド 折りたたみ 軽量 マッサージ折りたたみベッド 施術ベッド マッサージ台 診察台 高さ調節 組立て不要 長さ180×幅60×高さ62～83cm (鋼製 ブラック)","6510","51","100","19","¥ 11,480","","1","B0FLQK9ZHP","B0FLQK645P","95","65","20","13000"
"Maihail L字デスク ゲーミングデスク 棚板高さ調節可能 パソコンデスク 収納棚付き ゲームデスク コーナーデスク 幅120cm ブラック","6565","65","50","96","¥ 11,800","","1","B0DQCX3TXT","B0FT83X794","100.5","47.5","10","18850"
"テニスノート 50冊セット A6 ポケットサイズ 50P 日本製","8413","10","","46","¥ 22,000","","1","B0FGZSRKP9","B0F3H4MZPS","15","10.5","1","111"
"(1000枚入)クッション封筒 XLサイズ A4封筒対応 外寸: 約32x26cm 内寸: 約32x24cm 耐水 耐震 テープつき封筒梱包材 郵便発送業務用 クロネコDM便 ゆうパケット ポスパケット ゆうメール対応梱包気泡袋緩衝材","5150","42","","33","¥ 34,300","","1","B09XDT81M3","B09XDT1NJ9","","","",""
"Claiks 昇降デスク 小さめ 電動 スタンディングデスク 昇降式 テーブル 幅90cm*奥行き50cm 小部屋対策 在宅ワーク パソコンデスク テレワーク オフィスデスク 高さ調節 メモリー機能 コンパクト ブラックフレーム/ブラック天板","9245","34","","3","¥ 13,999","","1","B0GJ4ZH96K","B0CPGPRLL7","96","30","15","14000"
"2-in-1超音波カッター。40,000Hzハンドヘルド多機能カッター、交換用ブレード50枚、研磨板1枚、35Wアダプター付属。本体重量173g。OLEDディスプレイとLED照明システム搭載、日本語説明書付き。","6680","39","","15","¥ 11,684","","1","B0G64F9D9P","","21.7","13.5","7.9","590"
"【互換ラベルLabo】 DK-1215 ブラザー 互換 ラベル 50ロールセット brother QL-700 / QL-800 / QL-820NWB 等に","6800","40","","2","¥ 13,700","","1","B084MHCSK2","B07G5WLMC3","41.5","41.5","10.1","7710"
"HDHNBA スモールデスクチェア ラウンドローリングチェア バック付き PUレザー 高さ調節可能 回転式 化粧台 ワークコンピューター スツールチェア ホームオフィス 寝室用 2個セット","6716","28","","365","¥ 65,105","","1","B0F13PJMKJ","B0DBF5X98F","50","43","43","14000"
"bonsaii オートフィードシュレッダー 160枚自動細断 60分連続 12枚手差し 23L マイクロカット カード対応 C290-A","6739","59","100","130","¥ 23,980","","1","B0GVJKXHYP","B0GMPT3TGV","57.6","41.9","31.5","10750"
"YUZSU 電動テープカッター 電動 オート テープカッター 自動カルーセル、テープ幅6-60mm、長さ5-999mm 透明テープ/両面テープ、手動＆自動粘着カッター ビジネス＆ホームに最適","6748","40","50","21","¥ 10,980","","2","B0DT6X711G","B0GWLYL97L","27.4","23.5","17.7","2120"
"2個セット アイリスオーヤマ チェスト スーパークリア 10段 日本製 幅32×奥行39×高さ83.2cm ホワイト/クリアブラウン 白 プラスチック SCE-S1000","6754","43","","1049","¥ 11,480","","3","B0D2R1CPQ2","B0F1N41YSP","79.3","79.2","32.3","13000"
"Anovara(アノヴァラ) 電動 昇降デスク 昇降式ローデスク 幅100cm 高さ48-72cm キャスター付き 高さメモリー","10387","40","","101","¥ 13,980","","1","B0FNCT8JW6","B0F3WWN9JP","105","36.6","15.5","17760"
"HLFURNITURE L字デスク 幅170cm ゲーミングデスク パソコンデスク LED付き","6908","45","","73","¥ 13,289","","1","B0FL1MDM61","B0FKT5TBHT","107","57","12","27000"
"ヒューレット・パッカード(HP) 電動シュレッダー 家庭用(15L / 1-3人用) 静音62dB 12ヶ月メーカー保証 /4x12㎜ミニクロスカット 自動給紙細断＝120枚 手差し細断＝8枚(リモートワーク/在宅勤務/オフィス) 連続細断 自動給紙細断：20分間 手差し細断：10分間 引き出し式大容量ダストボックス（最大220枚収納）/ 小型スリム/黒","6913","47","","441","¥ 25,300","","1","B0GRT89QBC","B0FFM3BRPW","49.8","40.4","26.8","8330"
"ロッカー 6人用 鍵付き 3列2段 更衣ロッカー スチールキャビネット 6枚扉 シリンダー錠 sy10010new (イエロー)","6950","50","","35","¥ 27,480","","2","B09K776YLS","B0DTNZSZXS","","","","60000"
"Eyoyo バーコードスキャナー 小型 (1D対応)","6975","45","","2052","¥ 12,927","","4","B07YV47J6W","B0GWCYSW6J","12","6.6","5.1","110"
"自動・電動テープカッター マスキングテープ対応 テープディスペンサー 業務用大巻／小巻両用 テープ長さ設定可能 コンパクト設計 物流 保管 梱包用 工場用 作業効率 UP 日本国内仕様 日本語マニュアル付き","7031","45","50","126","¥ 10,980","","1","B08DXYQ21C","","28","23.2","17.5","1970"
"Toviluna オフィスチェア 人間工学デスクチェア メッシュチェア通気性 リクライニング135°疲れない椅子 3Dヘッドレスト 360°回転アームレスト 高さ調節可能ランバーサポート 背面高さ調節 座面スライド フットレスト付 静音キャスター（グレー）","7058","62","50","17","¥ 26,581","","2","B0GYYSGCH5","B0HFRB3MST","69.6","55.8","34.3","23610"
"Toviluna オフィスチェア 人間工学デスクチェア メッシュチェア通気性 リクライニング135°疲れない椅子 3Dヘッドレスト 360°回転アームレスト 高さ調節可能ランバーサポート 背面高さ調節 座面スライド フットレスト付 静音キャスター（ブラック）","7059","65","50","17","¥ 26,581","","2","B0GYYGD3K9","B0H8T41VVF","68.7","53.5","33.8","20800"
"STARY L字型 電動昇降デスク スタンディング対応 幅160cm 静音モーター 高さ72～120cm メモリー機能付き 耐荷重80kg パソコンデスク オフィスデスク 作業机 テレワーク【幅160 x 奥行き70 x 高さ72-122cm】ブラウン(天板) / ブラック(足)","7093","43","","604","¥ 17,996","","1","B0GGZJ4MS1","B0D6QNGJJK","85","75","15","25000"
"EastForce 日本ブランド MONSTER LUMBIRT2.0(モンスターランバート) メッシュ座面 360度アームレスト 3ゾーンランバーサポート搭載 リクライニング 人間工学 オフィスチェア デスクチェア 椅子 ブラック","7115","51","50","40","¥ 69,999","","1","B0F4JG4Y6P","B0FGYF7P48","76.5","67","41","29000"
"【10個セット】アイリスオーヤマ ラミネートフィルム 250μm A3 サイズ 50枚入 LZ-25A350","7115","44","","213","¥ 28,500","","2","B0F4JGTFXG","B0F732L9GT","43","30.6","27","8312"
"C-J-W LEDポスターパネル 薄型 卓上 壁掛け 光る看板 光るポスターフレーム ポスター入れLED看板 電飾看板 高輝度 高照度5500Lux A1サイズ シルバー","7044","39","","34","¥ 14,690","","1","B0GHVJ599J","B0C7VMWZD7","100","70","7","5650"
"萩原 PP柄上敷き グリーン 本間10畳 「矢倉」 い草風 柄上敷き 花ござ 水洗いOK 約477X382cm","7166","43","","246","¥ 16,540","","2","B0814DWFY7","B081F41DP8","96","48","14","6000"
"【新500円対応・異物検出機能 】コインカウンター 日本硬貨選別計数機 【PSE認証取得 】日本語表記 簡単操作 高速計数 99.9％の高精度 精密大容量 故障診断機能 コイン計数機 硬貨計算機 お店 店舗 スーパー コンビニ 1年保証 日本語説明書付き","7170","14","","10","¥ 15,800","","2","B0GQ35BNLD","","36","36","29","4000"
"ComHoma デスクチェア オフィスチェア 椅子 テレワーク疲れない 小型ゲーミングチェア メッシュ 人間工学 ランバーサポート【反発力ある背もたれ 腰ラク】 跳ね上げ式アームレスト 在宅ワーク 在宅勤務 形状記憶ポリウレタンクッション材 3Dヘッドレスト グレー","7179","18","","2177","¥ 16,700","","1","B0F1MQ3ZQ4","B0H74MZNVT","67.5","54.5","31","14940"
"Seener オフィスチェア デスクチェア 椅子 人間工学 全体メッシュ ハイバック いす 跳ね上げ式アームレスト 拡大ヘッドレスト 110度ロッキング機能 腰が痛くならない テレワーク チェア 8cm昇降 高弾力クッション 長時間座っても疲れない PCチェア 静音ホイール 通気性 耐荷重150KG ゲーミング/勉強/事務用 おしゃれ パソコンチェア (ブラック)","7196","63","50","33","¥ 10,119","","2","B0GSFQDKYF","B0GVHN68NT","66","58.2","25.3","11560"
"Victone ゲーミングデスク「メーカー2年保証」幅112cm*奥行60cm*高さ74.4cm パソコンデスク Z字脚 PCデスク ゲームデスク オフィスデスク 作業机 炭素繊維天板 カップホルダーとヘッドフォンフック付き VT-ZWT(ホワイト)","10734","44","","1218","¥ 10,980","","1","B0BL735W7B","B0CLNNC9P8","118","67","9","15000"
"SINCHI A3 ラミネーター｜高耐久＆詰まりゼロ設計｜75～250μm対応（薄紙～厚紙）｜A3～名刺サイズ対応｜48秒高速ウォームアップ＆最速100cm/分（A4約18秒）｜30分自動オフ｜厚紙・濃色印刷対応｜10枚ラミネートフィルム付属｜写真・文書・メニュー保存に最適｜ビジネス・学校・飲食店で活躍","7253","41","50","358","¥ 23,800","","5","B09DYG8K9M","","54.9","24.6","15","4218"
"【1ミリ単位でオーダーサイズ】デスクマット マットテーブル デスクマット テーブルクロス テーブルマット ※透明※厚み2.8mm 80cm×180cm","18865","12","","24","¥ 11,294","","1","B0F6KW3BRY","B0FCDF6R8H","","","",""
"埼玉福祉会 本の保護 ブックコートフィルムES 52cm×25m巻/52cm判 【日本製/UVカット】(2100-3652)粘着剤付き 透明カバー 図書館用品 絵本 ロールタイプ 保護フィルム ラミネート ブックフィルム ブッカー 撥水 傷・色あせ防止 補強","6504","39","","187","¥ 10,329","","2","B01DBGFW66","B0CY2LG2B9","52.6","10.3","9.2","2680"
"AODK ゲーミングデスク パソコンデスク 机 pcデスク 幅160cm 両側ラック&CPUスタンド付き gaming desk ゲームデスク 勉強机 オフィスデスク 在宅ワークデスク 長机 左右入れ替え対応 おしゃれ ブラック","7301","68","50","55","¥ 15,800","","1","B0DL9V6ZJC","B0F3XLPZVG","109","61.5","7","17100"
"HOLLUDLE 人間工学 オフィスチェア メッシュチェア - 3D 可調節腰当て & 3D アームレスト、V 字バックデザイン 通気性良好 デスク用 疲労軽減 ホームオフィス適合 ホワイト","7332","48","","2538","¥ 15,999","","1","B0DGTBNFRP","B0CRZ31WBT","77.5","52.7","26","20729"
"デスクマット 透明 テーブルクロス 1450x720mm 厚さ1.5mm*6枚 透明 マウス対応 PVC製 事務所 学習机 専用デスクマット 机マット 子供 デスクマット パソコン マット 防水 耐熱 傷や汚れに強い. (透明1.5mm*6枚, 1450x720mm)","7346","14","","169","¥ 12,499","","1","B0CJVN21RN","B0CJVT1LBZ","","","",""
"NIIMBOT B21 ラベルプリンター ラベルメーカー 値札プリンター 感熱ラベルライター Bluetooth接続 ブラック","7361","51","","4323","¥ 10,400","","1","B09C1VWT2N","B0CNGS6S7Y","16","11.3","7.2","580"
"KOGLEE rayfook 感熱ラベルシール クリックポスト clickpost対応 ラベルステッカー 10巻計3500枚 A6サイズ相当 約100ｘ150mm (4ｘ6インチ) デスクトップ感熱プリンター用 FBA出品者向けラベル対応 強粘着タイプ 物流PDラベル。Deli、Zebra、Satoなど市販のほとんどのデスクトップサーマルプリンターに対応しています","7379","63","","84","¥ 13,800","","1","B097B5S858","B097B4D2VT","30.6","22.2","19.5","6770"
"ヤマソロ デスクチェア 曲木チェア オフィスチェア 疲れにくい 腰痛 昇降 回転 コンパクト おしゃれ チェア 椅子 木製 ベロア Smil スミール 42-952 (ネイビー/ブラウン)","7493","43","","48","¥ 12,800","","1","B0B6G3N3ZT","B0CVXHN4NJ","","","",""
"Vigosit デスクチェア あぐらチェア オフィスチェア ワイドシート 布張り 肉厚ソファ座面 2WAY 調節可能アームレスト 座面360°回転 10cm 高さ昇降 90°~120°ロッキング角度 キャスター付 家庭・事務・勉強・ゲーム・パソコン・化粧台チェア（グレー）","7512","29","","81","¥ 17,000","","1","B0G2LMFCMX","B0H3KMRJ4C","75.6","55.3","22.1","16200"
"サンワダイレクト 電動 シュレッダー 業務用 大容量 40L マイクロカット 30分連続使用 A4 12枚同時細断 大型 400-PSD037","7526","38","","12","¥ 54,800","","1","B07C82Z824","B07RVFNMC5","70.5","45","33.8","31000"
"AODK ゲーミングデスク パソコンデスク ラック&コンセント付き 幅100cm 机 pcデスク ゲームデスク gaming desk モニター台&LED付き ゲーミングテーブル 左右入れ替え対応 カーボン調ホワイト","8806","40","","69","¥ 10,800","","1","B0G7B4DDWK","B0DP1VXFX9","88","58","7.5","12590"
"オフィスチェア デスクチェア 通気性メッシュ素材 ハイバック 3段階リクライニング調整＆ロッキング機能付き 調節可能ランバーサポート 昇降可能 2Dヘッドレスト 収納式フットレスト付き 静音キャスター 在宅ワーク テレワーク(ブラック)","7569","80","50","140","¥ 10,431","","1","B0FXZWCMFK","B0HDZRZC1Z","60.7","60.5","33.5","13760"
"フィギュアケース 透明収納ケース (W45×D33×H33cm) 防塵・UV保護 マグネット式 前開きマグネット式扉 フィギュア・コレクション展示ケース 組み立て簡単 積み重ね可能 仕切り付き おもちゃ/靴/書類/化粧品収納 卓上対応 10個","19395","9","","55","¥ 18,000","","1","B0G5X8PHR3","B0G24Z6MG9","","","",""
"バランスラボ バランスイージー ショートフレーム 通常箱 レッド 144BN001 バランスチェア ラクに姿勢がよくなる椅子 メイドインジャパン 高さ調整可","7696","48","","23","¥ 48,890","","1","B09HX138T4","B09HTL4Y9Q","66.4","46.3","14.7","7690"
"厚紙封筒 A5 ビジネス封筒レターケース 1000枚セット ネコポス クリックポストゆうパケット ヤマト運輸 ゆうパック日本郵便 メール便用 超厚手約300g梱包袋ホワイト郵便袋 開封ジッパー付 両面テープ付(1000枚, A5サイズ高24.5cm 幅19cm)","4641","12","","128","¥ 18,110","","1","B082Q6DFQT","B091BW9XX8","","","",""
"オフィスチェア メッシュ ９Dアームレスト (グレー)","7770","50","50","49","¥ 17,860","","1","B0G4P9C1K5","B0G4PDQ6RV","","","",""
"サンワダイレクト 折りたたみデスク 作業台 キャスター付き 幅107×奥行55cm 耐荷重40kg 収納棚付き 中棚3段階高さ調整 ブラウン 100-DESKN006M","7784","68","50","338","¥ 11,800","","1","B0833KVS84","B0BL6TB54N","72","61","13.5","19200"
"HP 電動シュレッダー 業務用 (30L / 5-10人用) 静音65dB 18ヶ月メーカー保証 / 2x15mmマイクロカット16枚同時細断 (オフィス/事務所/家庭用) 連続細断30分間 大容量ダストボックス（600枚収納）/ キャスター付き","7789","37","","13","¥ 42,900","","1","B09N318CZH","B0FH1MWH8R","71","49.5","38","21050"
"［屋外対応] 樹脂製 両面 A型看板 無地 スタンドプレート700 SP-707 黒 D38×W53×H73cm 折りたたみ カラフル スタンド看板","7819","48","","48","¥ 15,950","","1","B09QFTVDLQ","B09QFTBC8P","77","54.5","6.5","5000"
"ERGOMAKER 電動式昇降デスク 幅120×奥行60CM 高さ昇降範囲73-118CM 高さ調整機能 高さ記憶機能 組立簡単 木目調","7899","21","","1386","¥ 13,980","","1","B0D9BCZKFS","B0D72ZMNG9","115","37.2","16.4","18300"
"【アップグレード版 フルメタル】Populife ポピュライフ スマート キーボックス 屋外 壁掛け 小型 玄関 ロック ボックス セキュリティボックス 大容量 Bluetooth 金庫 暗証番号 家庭用 防犯 盗難防止 南京錠 遠隔操作対応 スマホ解錠 防水 自宅 学校 不動産業者 ホテル Airbnb 民宿用 サーフィン","7906","37","50","38","¥ 14,990","","1","B0DY13HQJ8","B0F3873HWF","15.5","8","5.2","1050"
"オフィスチェア パソコンチェア 椅子 デスクチェア 昇降機能付き 社長椅子 連動型肘掛け ワークチェア 360度回転 人間工学(アーバン, 黒色)","7933","40","50","34","¥ 12,582","","1","B0FXF6WSVT","B0D1KH2F8T","","","",""
"DEVAISE デスクワゴン サイドワゴン オフィスワゴン 3段オールロック 大容量 幅390*奥行480*高さ600mm サビ止め塗装 ブラック","7939","61","50","609","¥ 12,180","","1","B07P1RPT96","B09F38V24H","60.8","54.5","43.1","20100"
"AODK ゲーミングデスク コンセント付き パソコンデスク RGBライト l字デスク 棚付き デスク 袋付き 机 幅120 pcデスク モニター台 desk 収納 オフィスデスク 在宅勤務 仕事用 組立簡単 カーボンブラック","7967","59","","21","¥ 12,063","","1","B0FLK18ZV1","B0FLK56M9R","105.9","60","8.6","18600"
"折りたたみデスク(スタンディングデスク)幅80×奥行40×高さ110cmPCデスク在宅勤務パソコンデスク (オーク)","7979","46","50","200","¥ 10,689","","1","B0BG2W5ZWT","B0BMZCPKY7","109","70","6","9500"
"厚さ3mm 折り配送 ゴルフ フェアウェイウッド ユーティリティ 梱包箱 ポスター 長物 段ボール ダンボール 茶色 サイズ小 茶色 外寸約125x125x1150mm 日本製 長物 収納 梱包 (50)","10451","18","","16","¥ 14,000","","1","B0FN2FD14D","B0FN2BPRSY","","","",""
"マグネットシート 白 【 全長100×幅60cm ツヤ無し大判 】 ロールタイプ DIY カット可能 磁石シート ロール 車 冷蔵庫 看板 店舗","8012","47","","54","¥ 26,800","","4","B0F6MXNF8V","B0F4W9GPLN","","","",""
"Felicita オフィスチェア メッシュ デスクチェア リクライニング 椅子 ハイバック チェア ランバーサポート キャスター ロッキング 人間工学 SLCH-13MBK (高耐久強化メッシュ) (ブラック)","8024","53","50","57","¥ 44,980","","1","B0FTFJTWT3","B0GJC6FJLS","65","65","39","22000"
"A AIRLLEN 法人向け 作業台 デスク 150x75 幅広デスクトップ 在宅勤務 学習机 4-6人掛け 会議テーブル 組み立て簡単 頑丈 高さ調整脚 ダークウッド (BGT-75150DW)","8048","43","","18","¥ 17,390","","1","B0CHWK9BVL","B0F3DRKV6R","","","",""
"[Sezlife] オフィスチェア 【3ゾーン「追従型」独立腰部サポート搭載】疲れない デスクチェア 椅子 人間工学S字設計 360°アームレスト 155°リクライニング 3Dヘッドレスト PUキャスター 高反発 クッション 通気性メッシュ おしゃれ 事務椅子 学習チェア PCチェア ゲーミング/パソコン/勉強/昼休み/映画/事務用 (黒と白)","8053","50","50","117","¥ 29,900","","1","B0GWGR8SDY","B0H7S666FV","61","61","38","16790"
"法人様向け カグクロ オフィスデスク 事務用片袖机 ニューグレーW1200×D700×H700mm 事務机 グリーン購入法 KD-127S","8067","51","","94","¥ 24,990","","2","B004L9B5JQ","B0GWLF7DSG","","","",""
"DORIS ドリス 掃除用具入れ ロッカー 幅45cm 清掃用具 収納 フック付き 大容量 釣り 釣り オフィス 学校 部室 会社 趣味 鍵付き 通気穴 フック付き タオル掛け スチール ポールハンガー 組立品 グレー オービス45 【18126】","8097","37","","16","¥ 20,990","","1","B0DR2GYTMV","B0DR25TGMD","","","",""
"WXJHL デスクチェア オフィスチェア キャスター付き 勉強椅子 パソコンチェア オフィススツール PUレザー 高さ調節可能 ドレッサーチェア 背もたれ付き 丸椅子 仕事 在宅勤務 診察 美容室 組立簡単 4本セット ピンク","8146","12","","14","¥ 13,960","","1","B0H2Q1JM8Z","B0H2PYN1H2","46","43","32","7300"
"COFO Chair Lite ［国内リラクゼーションブランド発 オフィスチェア ］127度リクライニング デスクチェア 腰全体を安定して支える可動式ランバーサポート パソコン フットレスト付き ワーク ゲーム (Lite/ブラック)","8161","71","100","397","¥ 39,980","","1","B0GPWHFH51","B0CMWZTM8T","76","58","42","25000"
"オフィスコム 法人様向け 会議テーブル 幅1800×奥行900×高さ720mm オーク×ホワイト OC-MTC1890-OKWH","8197","13","","","¥ 19,990","","1","B0H8SCWY48","B07WQ39VHG","187","94","8","27200"
"システムK スツールチェア【ドクターも使うサロンチェア】分厚い肉厚クッション 軽量 昇降式 回転式 コンパクト 快適キャスター 移動楽々 オフィススツール 2脚セット ブラック","8226","50","","468","¥ 12,100","","3","B09KBSSHX9","B08G4CST1R","55","44","43","10000"
"AODK ゲーミングデスク パソコンデスク コンセント付き l字デスク 机 pcデスク LEDライト付き 勉強机 棚付き オフィスデスク 幅168 ワークデスク 桌子 在宅勤務 事務机 組立簡単 ブラック","8246","66","50","106","¥ 23,980","","1","B0D76HNYST","B0D76GTHFQ","135","58","11","28660"
"novium Hoverpen Interstellar 宙に浮くペン メテオライトエディション 高級 ボールペン ホバーペン スペースブラック","8252","63","","23","¥ 60,000","","2","B09M3MHPDG","B0GZGL5935","23","19.7","6.7","572"
"オフィスコム 法人様向け 会議チェア アグレアチェア 4脚セット PUレザー 固定脚幅475×奥行545×高さ750mm ブラック×ワインレッド","8270","35","","66","¥ 21,960","","1","B0CCCCBW9N","B0G4K7HBQ5","","","",""
"AODK ゲーミングデスク 引き出し4杯 パソコンデスク コンセント付き l字デスク RGB ゲーミングテーブル デスク 幅130 机 pcデスク勉強机 収納 ワーク オフィスデスク 仕事用 在宅勤務 desk 組立簡単 カーボンブラック","10566","69","50","16","¥ 16,900","","1","B0G3W38W7C","B0G3W22B8J","112","58","9","20000"
"Hanaten 封印シール セキュリティ 封緘シール 開封済み 10mm×40mm (4000枚（20枚×200シート）)","9471","37","","80","¥ 12,200","","1","B098TQJG5W","B08CL3GZ3B","13","11","4","430"
"LEMOOLIFE ストレッチフィルム 15μ 500mm幅 500m巻 24本セット 梱包ラップ 荷崩れ防止 梱包フィルム 手巻き パレット梱包 引越し 倉庫 作業用 破れにくい 高強度タイプ","8403","6","","7","¥ 34,800","","1","B0H5WLPXTB","B0H5WH64M8","102","53","41","86000"
"FEZIBO 電動 昇降デスク USB-A/Type-C付き 幅140cm 奥行70cm スタンディングデスク 上下昇降デスク 自動昇降式デスク 高さメモリー機能 静音 pc オフィスデスク テレワーク 昇降範囲72-118cm クルミフレーム/ブラウン天板","8417","81","50","2064","¥ 19,999","","1","B0FP2FZ7SN","B0FWRKDSYF","79","40","19","22000"
"ComHoma (コムホーマ) パソコンデスク 昇降式 電動 ゲーミングデスク pcデスクローデスク 作業机 オフィスデスク マルチ電源タップ付き ツートーンカラーデザインの天板 モニターアーム取付可能 安定自動昇降 YQS-110-120-BEIGE","8440","31","","4678","¥ 14,191","","1","B0D7C2JG1P","B0FM3Q7BXX","75","35","15","19000"
"オフィスコム 法人様向け 鍵付きキャビネット 2段オープン+3段両開き アーチー ホワイト スチール 幅800×奥行400×高さ1850mm","8643","33","","","¥ 37,970","","1","B0B8CYWVPV","B0F737FJDH","","","",""
"CHAIRKER オフィスチェア あぐらチェア パソコンチェア ファブリックバックレスト 115°リクライニング 高さ調節可能 疲れない椅子 耐荷重136kg ダークグレー 家庭用 オフィス用 勉強用 ゲーム用 メイク用（ダークグレー）","8527","40","","14","¥ 11,998","","1","B0FX55JFFX","B0GZVSJY77","74.5","57","25","16000"
"PET 透明板 【A1】 ポスターパネル・スタンド用 保護シート (5枚) ウリサポ KMA","8534","25","","28","¥ 13,340","","1","B0B2HWSHRG","B0B2J39D8W","","","",""
"50本セット JINKEI ストレッチフィルム 12μ 厚さ薄手 50cm幅×【500m】巻 梱包ラップ 荷崩れ防止 コスト削減 高強度タイプ 専用取っ手付き","10888","43","","28","¥ 59,491","","1","B0GF7KH4TP","B0GF6LVF72","","","",""
"OPP袋 A4 テープ付 国産 透明 封筒 225x310mm 5000枚入 T-A-4","6926","7","","174","¥ 21,395","","1","B07716FFVT","B079Q6VDFB","","","",""
"丸テーブル ダイニングテーブル 幅60m 幅70m 幅80m サイドテーブル カフェテーブル在宅ワーク 勉強机 作業台 食卓 リビングテーブル パソコン デスク (MDF天板 80㎝, ブラウン)","8576","43","","22","¥ 10,203","","2","B0BLTRYFB2","B0BLTP21K4","","","",""
"FLEXISPOT 電動式スタンディングデスク(幅120×奥行60,メモリー機能付き) 昇降デスク 高さ調節デスク パソコンデスク 人間工学 ゲーミングデスク EF1 セット (足（黒）＋天板（マホガニー）, 100*60)","10116","60","","20","¥ 35,800","","1","B092CW9PPM","B0GYRYZYS9","","","",""
"アースダンボール 段ボール DVD4枚用 400枚 発送箱 60サイズ 小型 N式箱 ID0089","9508","16","","103","¥ 22,800","","1","B0FX8ZZZDN","B0BT4GRZTZ","","","",""
"SUNEE かわいい鉛筆ケース、大容量ペンポーチ、大きな文房具収納オーガナイザー、ジッパー付きペンバッグ、学校への文房具、オフィス用防水ナイロン鉛筆バッグ、ティーンガールズボーイズ用、ライトピンク","7867","12","","205","¥ 10,404","","1","B0G1MNTTK2","B0GG5GT954","25","12.2","4","100"
"看板 A型看板 A1 両面 ポスタースタンド パネルスタンド 案内 看板 店舗用 立て看板 防水 防雨 折りたたみ ブラック","7245","1","","2","¥ 10,999","","1","B0HF7VH28C","B0H9XRNKNS","103","62","9","9000"
"【法人割引】OSJ 貴重品ロッカー 6人用 小型 3列2段 完成品 スチール キャビネット ダイヤル錠 管理キー付き 金庫 スチールロッカー 防犯 貴重品入れ 保管庫 小物収納 オフィス/事務所/更衣室/学校/業務用","13017","39","","1","¥ 12,980","","1","B0FWCRGCXS","B0FY6L9KS2","63.5","34","33","7000"
"AODK ゲーミングデスク パソコンデスク コンセント&LED付き 幅130cm 机 pcデスク ゲームデスク gaming desk 引き出し＆モニター台付き ゲーミングテーブル 棚付き 左右入れ替え対応 カーボン調ピンク","12975","53","","36","¥ 14,500","","1","B0GT8SPZ5T","B0FM3M87FW","113","58","8","18000"
"VICTONE 昇降デスク 昇降式デスク 電動 スタンディングデスク パソコンデスク 高さメモリー機能 上下自動昇降 静音 キャスター付き 収納フック付き モニターアーム対応可能 デスク 机 作業机 (ホワイト, 100*60cm)","8878","51","50","43","¥ 11,980","","1","B0GKFQ47S4","B0GKFJ92L2","105","34.5","14.2","17900"
"ボックスバンク ダンボール A4 120枚セット 宅配 80サイズ 配送 梱包 箱 CB01-080-A4-0120","13515","14","","9","¥ 13,800","","1","B0H59QHF8F","B0H6ZXZR2T","","","",""
"宮武製作所 プロポーションチェア 幅48.5×奥行61-68×高さ43-64cm 木材 ブラウン 姿勢サポート CH-88W","13906","55","","1372","¥ 12,999","","6","B001Q1T06M","B0931P4WLZ","67.9","50.5","17.1","8350"
"【500枚 Lサイズ】宅配袋 梱包紙袋 ゆうパケット発送用角底袋 宅配便袋 紙袋 業務用 両面テープ付き 宅配便用紙袋 発送用袋 未晒 マチ広 茶色 無地 茶無地 中身が見えない 厚手クラフト120g 本 雑誌 衣類 荷物発送ラッヒンク 角底袋 ゆうパック ネコポス コンパクトなど用緩衝郵送資材(深さ395mm 幅320mm マチ110mm+ベロ部分60mm)","10323","9","","45","¥ 19,900","","1","B08QVCQNFW","B08RHJW5T9","","","",""
"印刷工房 転写シート（アプリケーションシート）305mm×50m【中粘着】幅30cm","9697","13","","34","¥ 15,400","","1","B07HMSY7N8","B0CQ25DLR2","","","",""
"LOOKIT 貴重品ロッカー 3列2段 6人用 ダイヤル錠 金庫 スチール ホワイト NSAFE-32","9010","39","","72","¥ 18,706","","1","B083R5BSLZ","B083R53Z77","64","35","32",""
"サンワダイレクト スタンディングデスク 卓上 ガス圧昇降 幅80cm モニターアーム取付対応 高さ調整11.5～51cm 100-MR205BK","9056","45","50","47","¥ 12,800","","1","B0DDRWVWS5","B0DDT4TQBD","88.5","49.5","18.5","11700"
"Alawooder 【組立不要】 スタンディングデスク 折りたたみ サイドテーブル ガス圧式 昇降デスク 無段階昇降 高さ73~107cm PCデスク","9077","42","","269","¥ 24,999","","1","B0DPLG7HJ1","B0DM3VL864","77","67","16","13800"
"プラチナ万年筆 万年筆 EF 極細字 シュノンソーホワイト #3776 センチュリー PNB-15000 2-1 正規輸入品","9087","37","","197","¥ 27,985","¥ 40,000","6","B09G9WLCGJ","B09QKGT9G1","19","8.4","4.2","230"
"サンワダイレクト スタンディングデスク 昇降デスク ガス圧 幅75×奥行50cm 高さ75.3～116cm キャスター付き 耐荷重15kg 昇降式 パソコンデスク ブラック 100-ERD047BK","11208","50","","181","¥ 14,800","","1","B0F9D2LRFM","B0F9DXXGZQ","84.5","59","8.5","12500"
"Bestier パソコンデスク 42インチ L型 充電&LED付き ホワイト","9130","13","","46","¥ 59,810","","1","B0DHCV41XK","B0CK74DCXZ","90.4","58.4","10.9","16216"
"サンワダイレクト デスクワゴン スチール 幅30×奥行45×高さ60cm 完成品 3段 スリム 鍵付き 一括ロック キャスター付き キャビネット サイドワゴン ホワイト 100-SNW029W","9133","56","50","31","¥ 14,800","","1","B0FRDRSN8Q","B0FRM53VVW","64","50.5","34.5","15000"
"限定色 NIPPO ニッポー タイムレコーダー タイムボーイ8プラス PB ピアノブラック","9139","54","","191","¥ 18,000","","6","B071JQ33CR","B072KKCYM7","25.9","20.3","18.1","1910"
"オフィスコム 法人様向け オフィスデスク 平机 幅1400×奥行700×高さ700mm 配線スリット スチールフレーム ウォルナット","9679","43","","150","¥ 16,990","","1","B0DV9945Q2","B0CMT28LWX","145","74","7.5","26100"
"【日本企業】 ONE STEP ストレッチフィルム 60本セット 幅50cm 長さ280m 型崩れ 荷崩れ防止 梱包 手巻き (20μ：60本セット)","9244","28","","3","¥ 60,000","","1","B0H1H211F9","B0GYX4PLTM","","","",""
"YeTom l字デスク モニタ台の高さ調節可能 本棚付き 引き出しとコンセント付き 左右入れ替え対応 パソコンデスク 机 pcデスク ブラック","9277","49","","45","¥ 10,350","","1","B0FSZV5662","B0FSZTWMFP","80","52","10","18400"
"FelixKing デスクチェア オフィスチェア 椅子 テレワーク 疲れない 跳ね上げ式肘掛 コンパクト 調節可能 ロッキング pc 事務椅子 360度回転 通気性メッシュ 多機能 人間工学 ランバーサポート付き パソコン ピンク FK24-4-Pink","9299","49","","237","¥ 10,480","","1","B0F2H8CPMQ","B0F8LMVZR8","60.3","54.4","27.3","11070"
"U-POWER 昇降式L字デスク PCラック パソコンラック pcワゴン 高さ調整可能(幅32✕奥行67x高さ60~80cm)ブラックX-1","9343","47","50","142","¥ 13,800","","1","B0BPYF6X2H","B0BFC8LFR5","77.5","40","12","11070"
"カシオ EX-word(エクスワード) XD-SX4160-FM 高校生モデル 保護フィルム付 電子辞書","9351","64","50","5","¥ 29,800","","5","B0GC9Z96Q2","","18.6","14","5","410"
"サンワダイレクト シュレッダー 業務用 細断枚数16枚 マイクロカット 30分連続使用 静音 30L 大容量 電動 400-PSD074BK","9434","41","","1","¥ 39,800","","1","B0FX83Q3W2","B0H3P4Z9PT","71.8","52.2","37.7","19200"
"サンワダイレクト シュレッダー オートフィード 自動細断110枚 2×10mm 20分連続使用 マイクロカット 21L 400-PSD061","9438","43","","46","¥ 23,800","","1","B094Q4LQKG","B0CN8XK7LJ","59.1","35.5","26.1","9530"
"iCODIS オートフィードシュレッダー しゅれったー電動 家庭用：自動連続細断160枚 マイクロクロスカット3x10mm","9444","39","50","515","¥ 28,300","","1","B0B2W9H3BQ","","56.6","41.9","29.9","11130"
"サンワダイレクト パソコンデスク 木製 引き出し付き 幅100×奥行60cm 耐荷重40kg モニターアーム対応 ホワイト 100-DESKH009W","9460","47","50","587","¥ 12,800","","1","B01G4MSPXQ","B0H31V1C46","110","67","12","19000"
"FLEXISPOT スタンディングデスク メーカー5年保証 電動式昇降デスク 高さ調節 パソコンデスク E7セット (フレーム(黒)+天板(ウォールナット), 140×70cm)","9479","73","200","557","¥ 82,300","","1","B0C5KX9HXR","B0GX5GK3XF","","","",""
"GangMei スチール書庫 スチールキャビネット 書類棚 4段オープン書庫 要組立 ブラック","11920","26","","","¥ 22,900","","1","B0FKLY4VW9","B0GXF5XTM1","148.5","50","16","24500"
"キーボックス 60本吊 テンキー キーレス 暗証番号タイプ 非常解錠キー付 電池式 DKB-60","9536","36","","7","¥ 18,280","","1","B06XPYDK2Q","B06XPWBHP5","47","35","11.5","5860"
"サンワダイレクト シュレッダー 業務用 60分連続細断 静音 マイクロカット A4 12枚細断 大容量 26.5L 400-PSD064","9551","49","","77","¥ 46,800","","1","B0BT15BMLX","B0GP5LCVYV","70","48","37","21480"
"GangMeiスチール書庫 鍵付きキャビネット 下部両開き＆上部引き出し付き 可動棚付き A4サイズ収納 オフィス収納 書類収納 ロッカー 業務用 スペアキー付き 要組立 ブラック","9570","28","","5","¥ 21,800","","1","B0H1PLL6RR","B0H1Q9SHHG","100.5","46","18","25520"
"蛍光オレンジ(橙色) 蛍光シート /約60cm×約45mサイズ 屋内用カッティングシール カッティングステッカー ステッカーシート 蛍光カラーカッティング用シート 蛍光シール 粘着シート","9572","10","","104","¥ 28,800","","1","B07WBWPNP8","B0BQBGPK5D","","","",""
"AODK ゲーミングデスク パソコンデスク l字デスク 引き出し&コンセント付き 幅140×奥行80cm 机 pcデスク ゲームデスク LED付き gaming desk l shaped 在宅ワーク/オフィス用 左右入れ替え対応 ブラック","9573","64","","73","¥ 14,999","","1","B0DL9V29N9","B0DL9HN89H","112","59","8.5","20500"
"DORIS ドリス ロッカー オフィス収納 引き戸 収納 幅60 可動棚 掃除用具 釣り道具 キャビネット ハンガーポール付 棚板 大容量収納 ウォルナット アリア幅60cm 【18680】","9602","28","","13","¥ 14,990","","1","B0G2W9G5C1","B0G2WFSDDN","","","",""
"ロッカー 4人用 4列 スチール 鍵付き スチール製 名札ホルダー付き 3段収納 オフィス 事務所 業務用 スリム オフィスロッカー キャビネット (ホワイト 4人用 大)","9634","29","","4","¥ 29,998","","1","B0G1YGBY26","B0DGLW2C23","","","",""
"SIHOO B100 オフィスチェア／デスクチェア メッシュチェア 人間工学 疲れない ブラック","9648","66","100","2789","¥ 27,999","","1","B0H1GX3XVD","B0H3P9YLRN","69","68.4","44","17600"
"A AIRLLEN 折りたたみテーブル 折り畳み長机 2～3 人掛け会議用 収納可能 幅1800×奥行600mm 作業台 長いテーブル 在宅勤務 業務用 会議机 PCデスク パソコンデスク 学習机 ナチュラル FD18060Y【法人限定】","9660","42","","44","¥ 12,499","","1","B0BCQYKC7R","B0FT9C3FSV","180","70","60","17400"
"【浅型18段】アイリスオーヤマ フロアケース 書類ケース スチール製フレーム スチール天板 天板耐荷重:10kg A4サイズ クリアファイル 収納 書類 オフィス 会社 封筒 クリア キャスター別売り SFE-8180","4986","39","","20","¥ 14,247","","14","B003G0WZZE","B0CKX57KHK","94","38.8","35.2","13780"
"【3台】スマートカタログスタンド A4 2列7段 ブラック 幅52.4×奥行42.5×高さ153cm 61-810-82-10_7011-716","10298","41","","","¥ 25,215","","1","B0CMTBQHMY","B0CMSX5Z9P","160","14","14","15600"
"(1200枚入)クッション封筒 Mサイズ 外寸: 約20x24cm 内寸: 約18x24cm 耐水 耐震 テープつき封筒梱包材 郵便発送業務用 クロネコDM便 ネコポス ゆうパケット クリックポスト ポスパケット ゆうメール対応梱包気泡袋緩衝材","9728","38","","13","¥ 27,120","","1","B09XBR2Y8W","B09XBSWTLQ","","","",""
"STARY 電動昇降デスク ローデスク 幅140cm×奥行60cm 高さ44～72cm コンセント・USBポート付き メモリー機能 静音昇降 障害物検知 モニターアーム対応 収納フック・ケーブルマネージャー付き 耐荷重80kg ゲーミングデスク 昇降テーブル ナチュラルオーク（天板) /ホワイト(足)","10232","51","","21","¥ 19,999","","1","B0GH15Z4X9","B0GGRY13NJ","75.5","49.4","20.8","19930"
"Victone ゲーミングデスク L字「メーカー一年保証」 幅130cm パソコンデスク pc机 L字型 コーナーデスク 作業机 取外し可能なモニター台付き 省スペース 大型オフィスワークデスク ホワイト (VT-LWW)","9778","47","","1229","¥ 10,980","","1","B0BL6F9Y12","B0B3T2VPJ5","89","57","13","19040"
"Timekettle M3 イヤホン翻訳機 オンライン式 43言語96アクセント タイムケトル 専用アプリ 双方向音声通訳機 ANC・通話ノイズ低減 音楽・通話可能 携帯翻訳機 海外旅行 ビジネス 出張 語学学習 iOS15.0&Android7.0以上対応 Bluetooth5.2対応 ホワイト","9822","42","","69","¥ 16,980","","1","B0BVBMY745","B0BRCB6L44","17.3","10.1","4.7","210"
"オカムラ デスクチェア オフィスチェア 完成品 組立不要 シルフィ― ハイバック メッシュ デザインアーム アルミ脚 ホワイトフレーム C645BW-FMR3 ライトグレー","12848","39","","4","¥ 115,280","¥ 114,115","5","B00L9TB5V4","B0GLPG932N","105","70","68.5","20600"
"【オフィス用品 2点セット】アイリスオーヤマ キャビネット 深型2段 HG-202 黒 フロアケース キャスター付き 書類ケース 木製フレーム A4サイズ 高さ70cm MFE-7130","9867","39","","","¥ 19,000","","2","B0DZH32C28","B00U25VRDC","76.9","68.1","51.2","11200"
"Alebert(アレベルト) 昇降デスク 電動 昇降式ローテーブル 幅120*奥行60*高47-71.5cm 昇降式デスク パソコンデスク ゲーミングデスク オフェスワークデスク 高さメモリー機能 静音 モニターアーム対応可能 収納フック付き (ブラウン, 幅120*60cm)","12135","43","","98","¥ 15,980","","1","B0GWCQ8VX5","B0DRMMQZZN","125","35.5","15.5","17100"
"ロメオ 伊東屋 ROMEO Ｎｏ．３ボールペン 太軸 イタリアン ベージュＲ154","9908","33","","205","¥ 17,600","","1","B00I3D0GRS","B0C1TQK573","19.8","7","3.6","220"
"スチール書庫 鍵付き 引き戸 W850×D390×H900mm 可動棚付き 10-033new (グレー)","9941","7","","34","¥ 14,980","","2","B0BLS687KT","B09XTQJ63W","","","","30000"
"シート屋.jp 屋外5年 (60cm×10m ローズパープル VC88312) シルエットカメオプロ 中型プロッタ サイズ マーキング シート カッティング フィルム","10503","10","","22","¥ 13,850","","1","B0155FLHB0","B0GSVC5F6M","","","",""
"【ラベルファーム】45%増量 DK-2205 長尺紙テープ 50ロール ブラザー対応 DKテープ 互換ラベル用紙 文具用品 オフィス用品 感熱紙","13702","41","","3","¥ 23,650","","1","B08SW3XQKW","B08SWK1MCR","48.6","47.5","16.2","21940"
"折りたたみ マッサージベッド V-004 木製 有孔 ライトグリーン 185×70×高さ52～82cm","10445","43","","627","¥ 13,970","","1","B07PPH6M9H","B07K23RZN9","","","",""
"Maihail 机 pcデスク ゲーミングデスク l字デスク 棚付き 勉強机 幅140cm コーナーデスク 幅120cm ホワイト","9978","53","","151","¥ 12,280","","1","B0F2SV1STJ","B0F2SVMW6S","94","48","11.5","17230"
"Maihail 机 pcデスク パソコンデスク 布製引き出し付き ゲーミングデスク 収納ラック付き 白","9987","40","","63","¥ 11,925","","1","B0DW88FS35","B0DW8TPTVS","91","53.5","9.5","19000"